Depth,DeltaPHI_real,DeltaPHI_pre
2573.5,6.3,6.299999999999998
2574.0,9.9,9.899999999999984
2574.5,12.0,12.0
2575.0,15.1,15.131999999999998
2575.5,13.6,13.597999999999992
2576.0,13.0,13.0
2576.5,12.7,12.701000000000024
2577.0,12.8,12.793999999999981
2577.5,13.5,13.499
2578.0,13.4,13.392000000000007
2578.5,12.7,12.706000000000019
2579.0,12.6,12.600999999999994
2579.5,12.3,12.299999999999978
2580.0,12.1,12.098999999999998
2580.5,11.6,11.602000000000002
2581.0,11.3,11.29999999999998
2581.5,10.3,10.294999999999984
2582.0,9.2,9.200000000000015
2582.5,8.0,8.0
2583.0,7.6,7.599580000000014
2583.5,8.0,8.0
2584.0,8.8,8.800569999999986
2584.5,9.6,9.600000000000016
2585.0,9.5,9.5
2585.5,9.0,9.0
2586.0,9.1,9.100000000000016
2586.5,9.6,9.600000000000016
2587.0,9.2,9.203900000000015
2587.5,8.4,8.395139999999987
2588.0,7.5,7.497250000000001
2588.5,6.7,6.697200000000006
2589.0,5.5,5.500159999999999
2589.5,4.2,4.199999999999993
2590.0,3.6,3.599860000000004
2590.5,4.4,4.399999999999993
2591.0,5.0,5.0
2591.5,4.9,4.8999999999999915
2592.0,4.4,4.399999999999993
2592.5,3.8,3.8007200000000063
2593.0,4.0,3.99989
2593.5,2.3,2.300180000000004
2594.0,2.2,2.1999999999999966
2594.5,2.3,2.300180000000004
2595.0,2.8,2.800000000000005
2595.5,2.9,2.9000900000000005
2596.0,3.1,3.100450000000001
2596.5,3.3,3.300180000000006
2597.0,3.4,3.3999599999999974
2597.5,3.3,3.300180000000006
2598.0,3.6,3.599860000000004
2598.5,4.2,4.199999999999993
2599.0,4.3,4.300000000000008
2599.5,3.8,3.8003000000000067
2600.0,4.9,4.8999999999999915
2600.5,6.0,5.99942
2601.0,7.4,7.400889999999988
2601.5,7.0,6.998740000000001
2602.0,7.1,7.1015800000000135
2602.5,6.3,6.299939999999998
2603.0,5.6,5.60000000000001
2603.5,5.2,5.199999999999993
2604.0,5.1,5.100000000000009
2604.5,5.1,5.100000000000009
2605.0,6.4,6.399919999999988
2605.5,6.0,5.99942
2606.0,2.8,2.796260000000005
2606.5,5.0,5.00114
2607.0,3.4,3.399699999999998
2607.5,7.0,7.0
2608.0,9.7,9.701000000000016
2608.5,5.1,5.100000000000009
2609.0,2.3,2.300000000000004
2609.5,2.9,2.9000000000000004
2610.0,1.0,1.0
2610.5,0.8,0.7999999999999986
2610.5,9.3,9.299999999999985
2611.0,12.0,12.0
2611.0,1.6,1.5999999999999972
2611.5,2.9,2.9000000000000004
2611.5,12.9,12.893000000000006
2612.0,2.4,2.400660000000004
2612.0,13.2,13.200000000000024
2612.5,2.3,2.300000000000004
2612.5,11.8,11.79899999999998
2613.0,3.5,3.4999900000000004
2613.0,11.3,11.29999999999998
2613.5,11.5,11.5
2613.5,5.1,5.100000000000009
2614.0,11.7,11.696000000000021
2614.0,8.7,8.700000000000015
2614.5,11.6,11.602000000000002
2614.5,11.1,11.100000000000007
2615.0,11.8,11.79899999999998
2615.0,8.6,8.600000000000016
2615.5,7.8,7.79999999999999
2615.5,10.7,10.70000000000002
2616.0,10.5,10.501
2616.0,6.3,6.299999999999998
2616.5,8.0,8.0
2616.5,9.2,9.200000000000015
2617.0,-0.4,-0.3999099999999992
2617.0,11.3,11.29999999999998
2617.5,-0.9,-0.8994200000000008
2617.5,16.7,16.885000000000026
2618.0,0.0,0.00072
2618.0,-3.0,-2.9965
2618.5,3.1,3.100450000000001
2618.5,-4.4,-4.418559999999996
2619.0,-2.7,-2.7039999999999953
2619.0,8.4,8.399999999999984
2619.5,-1.1,-1.100469999999998
2619.5,8.2,8.200000000000012
2620.0,-0.6,-0.5998900000000009
2620.0,0.0,0.00072
2620.5,17.9,17.86500000000003
2620.5,-0.3,-0.2964400000000004
2621.0,10.1,10.100000000000016
2621.0,0.8,0.8000899999999986
2621.5,2.1,2.1000799999999966
2621.5,7.0,7.0
2622.0,7.1,7.099970000000013
2622.0,3.3,3.299910000000006
2622.5,6.3,6.299939999999998
2622.5,5.5,5.5
2623.0,4.8,4.800000000000008
2623.0,7.8,7.79999999999999
2623.5,8.3,8.299999999999988
2623.5,4.7,4.699999999999992
2624.0,6.7,6.700330000000005
2624.0,4.5,4.5
2624.5,4.6,4.600000000000008
2624.5,4.6,4.600000000000008
2625.0,3.3,3.299630000000006
2625.0,5.1,5.100000000000009
2625.5,2.2,2.1999299999999975
2625.5,4.7,4.699999999999992
2626.0,4.8,4.800000000000008
2626.0,1.9,1.9000000000000035
2626.5,4.9,4.8999999999999915
2626.5,1.7,1.6999999999999986
2627.0,1.9,1.9000000000000035
2627.0,4.0,4.0
2627.5,4.5,4.5
2627.5,1.9,1.9000000000000035
2628.0,4.7,4.699999999999992
2628.0,2.3,2.300000000000004
2628.5,5.3,5.300000000000006
2628.5,3.6,3.600000000000003
2629.0,7.3,7.299999999999992
2629.0,4.2,4.199879999999993
2629.5,3.4,3.399689999999997
2629.5,8.6,8.600000000000016
2630.0,2.9,2.900230000000001
2630.0,8.6,8.600000000000016
2630.5,2.4,2.400660000000004
2630.5,6.5,6.5
2631.0,-1.8,-1.8131500000000011
2631.0,3.9,3.899999999999995
2631.5,3.9,3.899999999999995
2632.0,4.3,4.300000000000008
2632.5,-16.4,-16.474860000000014
2632.5,5.6,5.60000000000001
2633.0,2.0,2.00024
2633.0,6.7,6.700280000000005
2633.5,1.5,1.49988
2633.5,8.1,8.100000000000014
2634.0,-10.3,-10.300999999999988
2634.0,9.9,9.899999999999984
2634.5,-14.5,-14.454999999999998
2634.5,10.6,10.59779000000001
2635.0,11.0,11.0
2635.0,-13.6,-13.519999999999998
2635.5,14.2,14.205000000000023
2635.5,-11.0,-10.998170000000002
2636.0,-5.5,-5.492959999999999
2636.0,12.6,12.597999999999995
2636.5,9.5,9.5
2636.5,-1.7,-1.7015399999999983
2637.0,2.2,2.1999999999999966
2637.0,2.8,2.800000000000005
2637.5,3.9,3.899999999999995
2637.5,4.6,4.600000000000008
2638.0,-0.3,-0.3004500000000005
2638.0,6.5,6.5
2638.5,9.7,9.700000000000017
2638.5,0.4,0.40044999999999936
2639.0,0.5,0.49964
2639.0,8.2,8.200000000000012
2639.5,3.1,3.1000000000000005
2639.5,11.0,11.0
2640.0,4.0,4.0002699999999995
2640.0,7.2,7.200000000000006
2640.5,6.8,6.7999999999999945
2640.5,6.9,6.900369999999988
2641.0,6.1,6.100000000000011
2641.0,8.0,8.0
2641.5,7.1,7.100000000000012
2641.5,10.1,10.100000000000016
2642.0,9.0,9.0
2642.0,12.6,12.600999999999994
2642.5,12.8,12.796999999999978
2642.5,3.6,3.600000000000003
2643.0,12.3,12.303999999999979
2643.0,0.5,0.5004
2643.5,0.2,0.19999999999999965
2643.5,11.1,11.100000000000007
2644.0,1.3,1.2999999999999983
2644.0,10.0,10.0
2644.5,6.0,6.0
2644.5,7.2,7.200000000000006
2645.0,2.5,2.5
2645.0,7.5,7.50042
2645.5,6.7,6.700000000000005
2645.5,2.5,2.5
2646.0,4.1,4.100000000000006
2646.0,2.5,2.5
2646.5,2.1,2.0999999999999965
2646.5,3.1,3.1000000000000005
2647.0,0.7,0.7000000000000013
2647.0,5.4,5.400249999999991
2647.5,1.1,1.0999899999999982
2647.5,8.2,8.200000000000012
2648.0,2.5,2.5
2648.0,8.2,8.200000000000012
2648.5,8.1,8.100050000000014
2648.5,3.5,3.5
2649.0,8.0,8.0
2649.0,4.4,4.3993799999999945
2649.5,8.3,8.299939999999987
2649.5,5.1,5.100000000000009
2650.0,7.0,7.0
2650.0,5.1,5.100000000000009
2650.5,5.6,5.59952000000001
2650.5,5.0,5.0
2651.0,3.0,3.0
2651.0,4.5,4.5
2651.5,2.0,1.99999
2651.5,4.9,4.8999999999999915
2652.0,2.1,2.0999999999999965
2652.0,4.8,4.800000000000008
2652.5,4.2,4.199999999999993
2652.5,5.4,5.400249999999991
2653.0,3.2,3.1994499999999935
2653.0,10.1,10.100000000000016
2653.5,9.8,9.799999999999983
2653.5,3.3,3.300180000000006
2654.0,2.9,2.9000900000000005
2654.0,11.9,11.897999999999998
2654.5,2.8,2.800000000000005
2654.5,10.7,10.70000000000002
2655.0,2.9,2.9000900000000005
2655.0,10.2,10.200000000000019
2655.5,9.9,9.899999999999984
2655.5,2.8,2.800000000000005
2656.0,9.6,9.600000000000016
2656.0,2.8,2.800000000000005
2656.5,9.6,9.600000000000016
2656.5,3.0,3.0
2657.0,9.4,9.400459999999986
2657.0,2.7,2.700279999999996
2657.5,3.0,3.0
2657.5,9.1,9.100000000000016
2658.0,3.1,3.100450000000001
2658.0,8.7,8.700000000000015
2658.5,4.6,4.600000000000008
2658.5,8.6,8.600000000000016
2659.0,4.6,4.600000000000008
2659.0,8.7,8.700000000000015
2659.5,-6.2,-6.198000000000003
2659.5,9.2,9.200000000000015
2660.0,-8.0,-7.993279999999999
2660.0,9.5,9.5
2660.5,-13.3,-13.295999999999987
2660.5,8.5,8.5
2661.0,3.8,3.8001800000000063
2661.0,-16.9,-16.72200000000002
2661.5,-5.6,-5.597000000000011
2661.5,3.2,3.199999999999994
2662.0,3.2,3.199999999999994
2662.0,-5.6,-5.597000000000011
2662.5,4.7,4.699999999999992
2662.5,3.4,3.3999999999999972
2663.0,3.7,3.699999999999993
2663.0,8.6,8.598980000000013
2663.5,12.1,12.098999999999998
2663.5,4.7,4.699999999999992
2664.0,12.5,12.503000000000002
2664.0,7.6,7.599420000000013
2664.5,7.8,7.801929999999991
2664.5,11.7,11.699000000000021
2665.0,7.5,7.5
2665.0,7.4,7.400009999999988
2665.5,4.5,4.5001999999999995
2665.5,4.1,4.100000000000006
2666.0,4.7,4.699999999999992
2666.0,0.6,0.600000000000001
2666.5,6.8,6.7999999999999945
2666.5,-0.6,-0.600070000000001
2667.0,7.5,7.501790000000001
2667.0,-1.0,-1.0
2667.5,6.4,6.400109999999988
2667.5,-0.9,-0.8996400000000007
2668.0,-0.5,-0.49964
2668.0,5.0,5.0
2668.5,1.7,1.6999999999999986
2668.5,0.3,0.29957000000000045
2669.0,1.5,1.49988
2669.0,-4.3,-4.304560000000005
2669.5,-6.1,-6.097000000000009
2669.5,-12.3,-12.299999999999978
2670.0,-14.4,-14.40928000000001
2670.5,-13.4,-13.38800000000001
2671.0,-19.5,-19.634240000000005
2671.0,-6.3,-6.304999999999998
2671.5,-1.0,-1.00012
2672.0,-14.7,-14.675000000000013
2672.0,0.3,0.3000000000000005
2672.5,1.1,1.0998799999999982
2672.5,-1.4,-1.3997300000000026
2673.0,4.9,4.8999999999999915
2673.0,1.0,1.00024
2673.5,5.5,5.5
2673.5,6.3,6.299999999999998
2674.0,6.8,6.800229999999995
2674.0,6.0,6.0
2674.5,6.6,6.600000000000012
2674.5,7.3,7.299999999999992
2675.0,3.3,3.300000000000006
2675.0,8.7,8.700000000000015
2675.5,0.1,0.1003799999999998
2675.5,9.4,9.399999999999984
2676.0,4.0,4.0
2676.0,10.7,10.69900000000002
2676.5,11.9,11.899
2676.5,4.6,4.600000000000008
2677.0,6.3,6.299999999999998
2677.0,11.5,11.5
2677.5,9.5,9.5
2677.5,7.4,7.399759999999987
2678.0,9.0,9.0
2678.0,8.2,8.200000000000012
2678.5,7.7,7.70000000000001
2678.5,9.2,9.200000000000015
2679.0,8.4,8.399999999999984
2679.0,6.7,6.700000000000005
2679.5,4.3,4.300000000000008
2679.5,7.6,7.600000000000014
2680.0,4.9,4.8999999999999915
2680.0,2.5,2.5
2680.5,0.8,0.7999999999999986
2680.5,5.8,5.800000000000001
2681.0,0.4,0.3996799999999995
2681.0,4.5,4.49986
2681.5,0.5,0.5
2681.5,6.9,6.900749999999988
2682.0,0.8,0.7999999999999986
2682.0,6.2,6.200000000000001
2682.5,5.5,5.5
2682.5,1.2,1.200000000000002
2683.0,4.2,4.199999999999993
2683.0,1.1,1.099999999999998
2683.5,1.0,1.0
2683.5,4.2,4.199999999999993
2684.0,0.9,0.9000000000000008
2684.0,5.0,5.0
2684.5,1.0,1.0
2684.5,6.2,6.200000000000001
2685.0,1.7,1.6999199999999988
2685.0,7.2,7.200000000000006
2685.5,9.0,9.0
2685.5,2.4,2.400000000000004
2686.0,9.8,9.799999999999983
2686.0,8.6,8.600000000000016
2686.5,8.4,8.399999999999984
2686.5,2.5,2.50018
2687.0,2.1,2.1000799999999966
2687.0,8.2,8.200000000000012
2687.5,0.3,0.29957000000000045
2687.5,6.9,6.899819999999988
2688.0,0.2,0.19999999999999965
2688.0,6.7,6.700000000000005
2688.5,3.7,3.699999999999993
2688.5,6.5,6.5
2689.0,9.9,9.899999999999984
2689.0,-1.0,-1.00012
2689.5,11.4,11.400999999999994
2689.5,-0.5,-0.50134
2690.0,-0.2,-0.19999999999999962
2690.0,10.8,10.79899999999998
2690.5,11.2,11.20000000000002
2690.5,-1.6,-1.600999999999997
2691.0,10.2,10.200000000000019
2691.0,0.5,0.49992
2691.5,11.4,11.400999999999994
2691.5,0.6,0.600000000000001
2692.0,7.9,7.901999999999987
2692.0,1.8,1.8000000000000016
2692.5,0.9,0.8997700000000008
2692.5,3.7,3.699999999999993
2693.0,0.5,0.50047
2693.0,4.0,4.0
2693.5,3.1,3.1000000000000005
2693.5,-0.2,-0.19999999999999962
2694.0,-0.7,-0.7009800000000012
2694.0,5.1,5.100000000000009
2694.5,5.9,5.89999999999999
2694.5,-0.2,-0.20100999999999963
2695.0,0.7,0.7000000000000013
2695.0,7.0,7.0
2695.5,0.5,0.50047
2695.5,7.3,7.299999999999992
2696.0,6.0,5.99943
2696.0,0.8,0.7999999999999986
2696.5,1.4,1.4000000000000026
2696.5,6.6,6.599070000000012
2696.5,6.6,6.599070000000012
2697.0,1.7,1.6999999999999986
2697.0,8.5,8.5
2697.5,1.8,1.8000000000000016
2697.5,7.2,7.200000000000006
2698.0,1.9,1.9000000000000035
2698.0,-2.9,-2.900460000000001
2698.5,2.9,2.9004800000000004
2698.5,-6.8,-6.8053599999999985
2699.0,2.6,2.5999999999999965
2699.0,-7.4,-7.383329999999988
2699.5,1.7,1.6999999999999986
2699.5,-7.3,-7.300509999999994
2700.0,-3.6,-3.5971700000000033
2700.0,1.2,1.200000000000002
2700.5,3.5,3.5
2700.5,0.8,0.7999999999999986
2701.0,5.3,5.300000000000006
2701.0,2.4,2.400000000000004
2701.5,3.3,3.300000000000006
2701.5,2.5,2.5
2702.0,5.9,5.89999999999999
2702.0,3.6,3.600000000000003
2702.5,7.5,7.5
2702.5,1.8,1.8000000000000016
2703.0,6.6,6.600000000000012
2703.0,0.9,0.8998100000000009
2703.5,7.0,7.0
2703.5,1.9,1.9000000000000035
2704.0,6.8,6.7999999999999945
2704.0,4.4,4.399999999999993
2704.5,5.8,5.799910000000001
2704.5,3.4,3.399739999999998
2705.0,2.7,2.699999999999995
2705.0,6.6,6.600000000000012
2705.5,2.9,2.900230000000001
2705.5,6.4,6.399999999999988
2706.0,2.1,2.0999999999999965
2706.0,4.8,4.800000000000008
2706.5,1.8,1.8000000000000016
2706.5,3.1,3.1000000000000005
2707.0,0.8,0.7999999999999986
2707.0,2.0,2.0
2707.5,1.8,1.8000000000000016
2707.5,-9.2,-9.244000000000007
2708.0,2.0,2.0
2708.0,-5.5,-5.502999999999999
2708.5,-4.8,-4.8042800000000065
2708.5,3.0,3.0
2709.0,-2.5,-2.49979
2709.0,3.1,3.1000000000000005
2709.5,4.1,4.100320000000005
2709.5,-1.9,-1.9011200000000026
2710.0,2.3,2.300000000000004
2710.0,5.6,5.60000000000001
2710.5,1.8,1.8000000000000016
2710.5,6.1,6.100000000000011
2711.0,4.7,4.699999999999992
2711.0,6.1,6.100000000000011
2711.5,-3.6,-3.604340000000004
2711.5,7.0,7.0
2712.0,0.5,0.5
2712.0,6.1,6.100000000000011
2712.5,5.5,5.500159999999999
2712.5,2.0,2.0
2713.0,4.4,4.399999999999993
2713.0,0.0,-0.0004000000000000001
2713.5,0.2,0.19995999999999964
2713.5,4.2,4.199879999999993
2714.0,4.3,4.300000000000008
2714.0,0.1,0.09999999999999981
2714.5,-1.5,-1.5002000000000002
2714.5,4.2,4.199999999999993
2715.0,-2.0,-1.9952699999999997
2715.0,4.4,4.399999999999993
2715.5,4.2,4.199879999999993
2715.5,-2.5,-2.50116
2716.0,-3.0,-2.99975
2716.0,3.9,3.899999999999995
2716.5,-3.0,-2.99975
2716.5,4.3,4.300000000000008
2717.0,-0.4,-0.40110999999999936
2717.0,4.3,4.300000000000008
2717.5,0.7,0.7000900000000013
2717.5,4.4,4.399999999999993
2718.0,1.2,1.2001100000000018
2718.0,3.9,3.900149999999995
2718.5,1.1,1.1000399999999981
2718.5,-7.1,-7.09777000000001
2719.0,0.8,0.7999999999999986
2719.0,-8.9,-8.92623999999999
2719.5,1.8,1.8000000000000016
2719.5,-6.4,-6.408999999999991
2720.0,1.8,1.8000000000000016
2720.0,-6.3,-6.308999999999998
2720.5,2.9,2.899940000000001
2720.5,-2.8,-2.8015600000000047
2721.0,5.8,5.800000000000001
2721.0,3.5,3.5
2721.5,2.8,2.800000000000005
2721.5,9.0,9.0
2721.5,9.0,9.0
2722.0,0.3,0.3000000000000005
2722.0,11.2,11.20000000000002
2722.5,-5.8,-5.804000000000002
2722.5,9.8,9.798999999999984
2723.0,7.5,7.5
2723.0,-16.0,-16.082000000000004
2723.5,7.0,7.0
2723.5,-12.2,-12.172000000000017
2724.0,-5.6,-5.597000000000011
2724.0,7.0,6.99937
2724.5,-0.6,-0.600000000000001
2724.5,4.9,4.8999999999999915
2725.0,-0.2,-0.19935999999999962
2725.0,4.7,4.699999999999992
2725.5,-0.5,-0.50134
2725.5,4.3,4.300000000000008
2726.0,2.9,2.9000900000000005
2726.0,-3.4,-3.387779999999998
2726.5,1.1,1.0999199999999982
2726.5,-1.3,-1.300439999999998
2727.0,0.6,0.6001200000000009
2727.0,3.0,3.0
2727.5,1.1,1.0999199999999982
2727.5,7.3,7.299999999999992
2728.0,7.6,7.600000000000014
2728.0,1.0,1.0
2728.5,4.3,4.300000000000008
2728.5,1.1,1.0999199999999982
2729.0,4.1,4.100500000000006
2729.0,1.4,1.4001000000000026
2729.5,3.0,3.0
2729.5,2.1,2.0996399999999964
2730.0,5.4,5.399229999999993
2730.0,2.6,2.5999999999999965
2730.5,3.7,3.699999999999993
2730.5,5.8,5.800300000000001
2731.0,5.5,5.500159999999999
2731.0,4.5,4.5
2731.5,7.6,7.600000000000014
2731.5,4.4,4.399999999999993
2732.0,6.4,6.399999999999988
2732.0,4.2,4.199999999999993
2732.5,3.7,3.699999999999993
2732.5,5.9,5.89999999999999
2733.0,4.1,4.100000000000006
2733.0,3.9,3.899999999999995
2733.5,4.7,4.699999999999992
2733.5,3.2,3.1994499999999935
2734.0,5.5,5.49962
2734.0,2.8,2.800000000000005
2734.5,6.5,6.50028
2734.5,2.7,2.699999999999995
2735.0,6.9,6.901489999999988
2735.0,2.5,2.5
2735.5,6.3,6.299939999999998
2735.5,2.5,2.5
2736.0,4.6,4.600000000000008
2736.0,2.8,2.7999000000000054
2736.5,3.1,3.1000000000000005
2736.5,3.6,3.600000000000003
2737.0,4.4,4.399999999999993
2737.0,3.7,3.699999999999993
2737.5,3.2,3.1994499999999935
2737.5,5.7,5.6999999999999975
2738.0,2.5,2.5
2738.0,2.5,2.5
2738.5,1.4,1.4000000000000026
2738.5,2.2,2.1999999999999966
2739.0,0.6,0.600160000000001
2739.0,2.2,2.1999999999999966
2739.5,-0.7,-0.7013900000000011
2739.5,3.2,3.1994499999999935
2740.0,-1.5,-1.4982000000000002
2740.0,5.0,5.0
2740.5,5.6,5.599840000000009
2740.5,-1.5,-1.4972600000000003
2741.0,-0.8,-0.8004199999999987
2741.0,6.0,5.99942
2741.5,0.1,0.09999999999999981
2741.5,5.8,5.800000000000001
2742.0,0.9,0.9000000000000008
2742.0,5.8,5.800000000000001
2742.5,1.6,1.5999999999999972
2742.5,5.8,5.800000000000001
2743.0,1.6,1.5999999999999972
2743.0,5.7,5.700119999999998
2743.5,5.7,5.700119999999998
2743.5,1.8,1.8000000000000016
2744.0,3.0,3.0
2744.0,5.2,5.199999999999993
2744.5,4.8,4.799950000000008
2744.5,4.1,4.100000000000006
2745.0,4.9,4.8999999999999915
2745.0,5.1,5.100000000000009
2745.5,6.9,6.899909999999988
2745.5,4.9,4.8999999999999915
2746.0,4.9,4.8999999999999915
2746.0,9.5,9.5
2746.5,5.1,5.100000000000009
2746.5,8.7,8.700000000000015
2747.0,7.7,7.70000000000001
2747.0,5.7,5.6999999999999975
2747.5,-3.7,-3.701559999999996
2747.5,6.7,6.700000000000005
2748.0,5.7,5.6999999999999975
2748.0,-12.8,-12.798999999999978
2748.5,-12.8,-12.798999999999978
2748.5,2.8,2.800000000000005
2749.0,2.2,2.1999999999999966
2749.0,-12.6,-12.613999999999994
2749.5,-14.3,-14.313999999999979
2749.5,2.2,2.1999999999999966
2750.0,2.5,2.5
2750.0,-12.8,-12.798999999999976
2750.5,2.8,2.800000000000005
2750.5,2.0,2.0
2751.0,4.4,4.3993799999999945
2751.0,3.6,3.600000000000003
2751.5,6.0,6.0
2751.5,4.4,4.399999999999993
2752.0,4.4,4.399999999999993
2752.0,4.6,4.600000000000008
2752.5,2.7,2.699999999999995
2752.5,5.5,5.5
2753.0,4.7,4.699999999999992
2753.0,3.0,3.0
2753.5,3.7,3.699999999999993
2753.5,3.2,3.199919999999994
2754.0,0.4,0.39999999999999925
2754.0,7.0,7.0
2754.5,-18.7,-18.728120000000015
2754.5,7.0,7.0
2755.0,7.0,7.0
2755.5,5.6,5.599840000000009
2756.0,4.2,4.199999999999993
2756.5,3.2,3.2000799999999945
2757.0,3.7,3.699999999999993
2757.0,-8.1,-8.102920000000006
2757.5,1.3,1.2999999999999983
2757.5,5.4,5.400249999999991
2758.0,-1.1,-1.101899999999999
2758.0,2.7,2.700159999999995
2758.5,-12.8,-12.804999999999977
2758.5,-0.9,-0.899880000000001
2759.0,-0.7,-0.7015300000000012
2759.0,-18.1,-18.152759999999986
2759.5,-16.5,-16.50262
2759.5,-1.4,-1.3984600000000027
2760.0,-16.5,-16.47162
2760.0,-2.9,-2.9000000000000012
2760.5,1.1,1.099999999999998
2760.5,-18.6,-18.602519999999984
2761.0,-1.1,-1.0967999999999984
2761.0,-14.3,-14.304999999999977
2761.5,-2.4,-2.401820000000004
2761.5,-10.7,-10.655950000000011
2762.0,-3.3,-3.299000000000004
2762.0,-3.3,-3.3099700000000034
2762.5,1.7,1.7001199999999985
2762.5,-4.2,-4.202409999999995
2763.0,-5.8,-5.803000000000002
2763.0,-0.6,-0.600000000000001
2763.5,5.5,5.5
2763.5,-4.6,-4.601140000000006
2764.0,5.7,5.6999999999999975
2764.0,5.0,5.0
2764.5,7.9,7.901999999999987
2764.5,6.8,6.7999999999999945
2765.0,6.5,6.5
2765.0,5.2,5.199999999999993
2765.5,5.8,5.799460000000002
2765.5,-10.6,-10.559850000000006
2766.0,5.1,5.100000000000009
2766.0,-14.8,-14.818999999999978
2766.5,4.8,4.800000000000008
2766.5,-15.2,-15.128420000000013
2767.0,4.1,4.100000000000006
2767.0,-14.6,-14.644999999999992
2767.5,4.1,4.100000000000006
2767.5,-9.0,-8.976239999999997
2768.0,3.5,3.5
2768.0,0.9,0.9000000000000008
2768.5,5.2,5.199999999999993
2768.5,2.5,2.5
2769.0,3.6,3.600000000000003
2769.0,6.1,6.099610000000012
2769.5,5.7,5.700119999999998
2769.5,5.2,5.199999999999993
2770.0,7.6,7.600000000000014
2770.0,5.0,5.0
2770.5,11.0,11.0
2770.5,4.7,4.699999999999992
2771.0,11.5,11.5
2771.0,4.8,4.800420000000008
2771.5,10.4,10.399999999999986
2771.5,4.8,4.800420000000008
2772.0,4.8,4.800030000000008
2772.0,8.9,8.899569999999985
2772.5,6.4,6.399999999999988
2772.5,4.0,4.0
2773.0,7.3,7.299999999999992
2773.0,4.4,4.399999999999993
2773.5,5.0,5.00012
2773.5,7.3,7.299999999999992
2774.0,5.2,5.199999999999993
2774.0,6.0,6.0
2774.5,6.3,6.300519999999998
2774.5,-0.1,-0.09978999999999981
2774.5,4.7,4.699999999999992
2775.0,5.8,5.799460000000002
2775.0,7.9,7.901999999999987
2775.0,5.2,5.199999999999993
2775.5,5.7,5.6999999999999975
2775.5,12.8,12.798999999999978
2775.5,6.4,6.399919999999988
2776.0,4.2,4.199999999999993
2776.0,13.0,13.0
2776.0,7.8,7.80036999999999
2776.5,12.3,12.299999999999978
2776.5,9.7,9.701000000000016
2776.5,4.2,4.199999999999993
2777.0,4.0,3.9992
2777.0,2.6,2.5999999999999965
2777.0,12.9,12.893000000000006
2777.5,0.5,0.5
2777.5,13.2,13.200000000000024
2777.5,-11.5,-11.536999999999999
2778.0,-0.4,-0.40043999999999935
2778.0,12.8,12.796999999999978
2778.0,-12.3,-12.304999999999986
2778.5,0.4,0.4004199999999992
2778.5,13.2,13.200000000000024
2778.5,-12.3,-12.304999999999986
2779.0,-12.6,-12.601999999999997
2779.0,13.0,13.0
2779.0,1.9,1.9000000000000035
2779.5,-8.3,-8.301279999999988
2779.5,13.0,13.0
2779.5,2.0,2.0
2780.0,11.4,11.400999999999994
2780.0,1.8,1.8000000000000016
2780.0,-6.3,-6.306999999999999
2780.5,2.0,2.0
2780.5,10.1,10.100000000000016
2780.5,-7.0,-7.00537
2781.0,9.0,9.0
2781.0,-7.9,-7.92227999999999
2781.0,1.5,1.5
2781.5,10.0,10.0
2781.5,1.5,1.5
2781.5,-10.3,-10.308999999999987
2782.0,1.2,1.2000800000000018
2782.0,10.1,10.100000000000016
2782.0,-12.4,-12.394
2782.5,0.2,0.19999999999999965
2782.5,-18.2,-18.221400000000006
2782.5,12.0,12.0
2783.0,11.7,11.699000000000021
2783.0,0.7,0.7000000000000013
2783.5,2.9,2.900370000000001
2783.5,11.1,11.100000000000007
2784.0,5.2,5.199999999999993
2784.0,8.5,8.5
2784.5,8.4,8.399999999999984
2784.5,6.2,6.200420000000001
2785.0,9.2,9.200000000000015
2785.0,4.4,4.399999999999993
2785.5,3.7,3.699999999999993
2785.5,8.6,8.600000000000016
2786.0,2.5,2.5
2786.0,8.9,8.899569999999985
2786.5,10.0,10.0
2786.5,1.1,1.099999999999998
2787.0,10.0,10.0
2787.0,-0.3,-0.2994900000000004
2787.5,8.9,8.899569999999985
2787.5,-0.1,-0.10021999999999981
2788.0,0.9,0.9000000000000008
2788.0,-16.0,-16.11248
2788.0,6.7,6.700000000000005
2788.5,1.6,1.599639999999997
2788.5,5.7,5.6999999999999975
2789.0,1.7,1.6999199999999988
2789.0,5.0,5.0
2789.5,0.8,0.8005599999999986
2789.5,5.8,5.800000000000001
2790.0,7.6,7.600000000000014
2790.0,0.3,0.29951000000000044
2790.5,13.0,13.0
2790.5,-0.5,-0.50134
2791.0,14.3,14.298999999999978
2791.0,-0.1,-0.10021999999999981
2791.5,13.4,13.393000000000006
2791.5,0.3,0.2999900000000004
2792.0,13.1,13.094999999999994
2792.0,0.9,0.9000000000000008
2792.5,1.5,1.5001
2792.5,10.5,10.504000000000001
2793.0,10.1,10.100000000000016
2793.0,9.9,9.899999999999984
2793.0,1.7,1.6999199999999988
2793.5,2.1,2.0999999999999965
2793.5,9.9,9.899999999999984
2793.5,-12.9,-12.900000000000004
2793.5,14.2,14.205000000000023
2794.0,7.7,7.70000000000001
2794.0,-6.3,-6.304999999999998
2794.0,14.8,14.79999999999998
2794.0,1.1,1.099999999999998
2794.5,7.3,7.299999999999992
2794.5,-2.9,-2.9013800000000005
2794.5,1.1,1.099999999999998
2794.5,13.9,13.90000000000001
2795.0,4.9,4.8999999999999915
2795.0,13.5,13.5
2795.0,-1.4,-1.3959000000000026
2795.0,1.0,1.00003
2795.5,1.3,1.2999999999999983
2795.5,2.8,2.799660000000005
2795.5,14.0,13.988000000000001
2795.5,0.3,0.2999900000000004
2796.0,1.3,1.2999999999999983
2796.0,7.7,7.70000000000001
2796.0,-0.2,-0.19999999999999962
2796.0,15.6,15.586999999999982
2796.5,10.1,10.100000000000016
2796.5,4.1,4.100000000000006
2796.5,1.1,1.099999999999998
2796.5,16.5,16.497000000000007
2797.0,1.7,1.6999999999999986
2797.0,5.1,5.100000000000009
2797.0,9.7,9.700000000000017
2797.0,16.2,16.194000000000024
2797.5,8.5,8.5
2797.5,13.9,13.905000000000008
2797.5,16.9,16.826000000000022
2797.5,1.1,1.0993999999999982
2798.0,14.8,14.80099999999998
2798.0,12.3,12.300999999999977
2798.0,0.7,0.7000000000000013
2798.0,6.0,6.0
2798.5,1.4,1.4000800000000027
2798.5,3.2,3.199369999999994
2798.5,13.3,13.29799999999998
2798.5,11.9,11.899
2799.0,4.9,4.8999999999999915
2799.0,2.2,2.199659999999997
2799.0,11.3,11.29999999999998
2799.0,11.7,11.696000000000021
2799.5,4.0,4.0
2799.5,11.3,11.29999999999998
2799.5,13.3,13.299999999999981
2799.5,10.2,10.200000000000019
2800.0,4.5,4.5
2800.0,10.2,10.200000000000019
2800.0,14.3,14.298999999999978
2800.0,10.8,10.79799999999998
2800.5,10.5,10.506000000000002
2800.5,11.9,11.897999999999998
2800.5,11.8,11.79999999999998
2800.5,4.7,4.699999999999992
2801.0,10.1,10.100000000000016
2801.0,7.1,7.099970000000013
2801.0,10.1,10.100000000000016
2801.0,9.5,9.5
2801.5,4.4,4.399999999999993
2801.5,8.8,8.799999999999985
2801.5,10.1,10.100000000000016
2801.5,9.1,9.100000000000016
2802.0,7.2,7.199800000000007
2802.0,7.6,7.600000000000014
2802.0,0.4,0.40033999999999936
2802.0,8.8,8.799999999999985
2802.5,3.9,3.899999999999995
2802.5,6.6,6.599170000000011
2802.5,7.7,7.70000000000001
2802.5,-3.9,-3.934339999999998
2803.0,5.5,5.500159999999999
2803.0,2.1,2.0999999999999965
2803.0,-10.0,-10.032159999999996
2803.0,0.4,0.40039999999999926
2803.5,1.9,1.9000000000000035
2803.5,-11.6,-11.621000000000004
2803.5,6.1,6.09961000000001
2803.5,4.4,4.399999999999993
2804.0,-12.5,-12.475999999999997
2804.0,3.0,3.0
2804.0,6.0,6.0
2804.0,18.6,18.388999999999996
2804.5,5.7,5.6999999999999975
2804.5,16.4,16.448000000000018
2804.5,-14.0,-14.039999999999994
2804.5,6.8,6.7999999999999945
2805.0,1.7,1.6999999999999986
2805.0,-5.6,-5.59800000000001
2805.0,6.1,6.09961000000001
2805.0,9.5,9.5
2805.5,-17.8,-17.990319999999976
2805.5,-19.6,-19.566999999999986
2805.5,5.8,5.800000000000001
2805.5,9.8,9.799999999999983
2806.0,-17.8,-17.990319999999976
2806.0,5.2,5.199999999999993
2806.0,9.5,9.5
2806.5,7.4,7.400889999999988
2806.5,8.1,8.100000000000014
2807.0,11.5,11.499
2807.0,-9.0,-8.97824
2807.0,1.6,1.5996099999999973
2807.5,-7.0,-7.00064
2807.5,14.2,14.198000000000025
2807.5,0.1,0.09999999999999981
2808.0,0.7,0.7000000000000013
2808.0,13.9,13.895000000000012
2808.0,-15.0,-14.97956
2808.0,4.2,4.199999999999993
2808.5,9.4,9.399999999999984
2808.5,1.4,1.4000000000000026
2808.5,11.5,11.5
2808.5,3.9,3.899999999999995
2809.0,12.2,12.202000000000023
2809.0,-2.2,-2.202339999999997
2809.0,10.3,10.297999999999984
2809.5,10.9,10.89799999999999
2809.5,1.3,1.2999999999999983
2809.5,9.9,9.899999999999984
2810.0,11.1,11.100000000000007
2810.0,7.7,7.70000000000001
2810.0,3.7,3.699999999999993
2810.5,4.6,4.600000000000008
2810.5,11.1,11.100000000000007
2810.5,2.6,2.6003299999999974
2810.5,12.1,12.098999999999998
2811.0,11.3,11.29999999999998
2811.0,5.1,5.100000000000009
2811.0,1.8,1.8000000000000016
2811.0,2.5,2.50018
2811.5,0.8,0.7999999999999986
2811.5,14.1,14.098999999999984
2811.5,2.9,2.900420000000001
2811.5,0.7,0.7000000000000013
2812.0,1.4,1.4000000000000026
2812.0,15.8,15.75199999999998
2812.0,3.4,3.3996499999999976
2812.0,-0.3,-0.2993900000000005
2812.5,15.5,15.505999999999997
2812.5,3.6,3.600000000000003
2812.5,-0.6,-0.598930000000001
2812.5,4.3,4.2998000000000065
2813.0,3.1,3.099760000000001
2813.0,5.3,5.300000000000006
2813.0,14.0,13.989999999999998
2813.0,-0.3,-0.2993900000000005
2813.5,14.7,14.701000000000015
2813.5,4.4,4.399809999999993
2813.5,2.8,2.8004400000000045
2813.5,0.1,0.09985999999999981
2814.0,2.6,2.5999999999999965
2814.0,1.7,1.6999999999999986
2814.0,17.2,17.152000000000026
2814.0,-0.2,-0.20110999999999965
2814.5,2.0,1.99999
2814.5,0.2,0.20039999999999963
2814.5,-0.2,-0.20100999999999963
2814.5,11.6,11.600000000000001
2815.0,-1.4,-1.3994000000000026
2815.0,7.3,7.299999999999992
2815.0,0.7,0.7009000000000013
2815.0,1.2,1.200180000000002
2815.5,2.2,2.1999999999999966
2815.5,5.7,5.6999999999999975
2815.5,-2.1,-2.099129999999997
2815.5,1.2,1.2001100000000018
2816.0,1.8,1.8000000000000016
2816.0,-2.4,-2.3980500000000036
2816.0,4.3,4.3005700000000076
2816.0,5.1,5.100000000000009
2816.5,-2.0,-1.9994099999999997
2816.5,1.3,1.2999999999999983
2816.5,4.6,4.600000000000008
2816.5,7.0,6.99752
2817.0,9.1,9.100000000000016
2817.0,1.1,1.0999999999999983
2817.0,4.4,4.399809999999993
2817.0,0.0,-0.0011
2817.5,4.9,4.8999999999999915
2817.5,-1.0,-1.0006300000000001
2817.5,4.7,4.699999999999992
2817.5,8.4,8.399999999999984
2818.0,8.7,8.700000000000015
2818.0,-0.9,-0.8998600000000008
2818.0,5.2,5.199999999999993
2818.0,5.7,5.6999999999999975
2818.5,6.5,6.5
2818.5,3.5,3.5
2818.5,0.9,0.9000000000000008
2818.5,10.0,10.0
2819.0,3.5,3.5
2819.0,3.0,3.0
2819.0,7.8,7.79999999999999
2819.0,10.7,10.70000000000002
2819.5,4.6,4.600000000000008
2819.5,6.7,6.700000000000005
2819.5,10.0,10.0
2819.5,3.9,3.8996799999999947
2820.0,3.5,3.5
2820.0,6.1,6.100000000000011
2820.0,8.6,8.600000000000016
2820.0,1.9,1.9000000000000035
2820.5,2.8,2.800160000000005
2820.5,5.4,5.400159999999991
2820.5,7.0,6.998139999999999
2820.5,-2.7,-2.7039999999999953
2821.0,2.3,2.300000000000004
2821.0,3.6,3.600000000000003
2821.0,6.9,6.900379999999988
2821.0,-4.6,-4.591330000000007
2821.5,1.8,1.8000000000000016
2821.5,6.1,6.0996900000000105
2821.5,-4.6,-4.592830000000007
2821.5,5.1,5.100000000000009
2822.0,9.7,9.700000000000017
2822.0,1.7,1.6999999999999986
2822.0,-2.1,-2.1031299999999966
2822.0,5.8,5.800580000000001
2822.5,12.8,12.796999999999978
2822.5,2.6,2.5999999999999965
2822.5,-1.1,-1.1021199999999982
2822.5,5.3,5.300000000000006
2823.0,14.9,14.90300000000001
2823.0,0.1,0.10015999999999982
2823.0,5.1,5.099980000000008
2823.0,3.7,3.699999999999993
2823.5,16.0,15.977999999999998
2823.5,5.1,5.099980000000008
2823.5,3.6,3.600000000000003
2823.5,0.8,0.7999999999999986
2824.0,3.4,3.3996499999999976
2824.0,1.9,1.9000000000000035
2824.0,16.5,16.489
2824.0,5.3,5.300000000000006
2824.5,3.5,3.4999900000000004
2824.5,2.5,2.5
2824.5,5.3,5.300000000000006
2824.5,15.2,15.18800000000001
2825.0,0.7,0.7000000000000013
2825.0,5.2,5.199999999999993
2825.0,9.1,9.100000000000016
2825.0,6.6,6.600000000000012
2825.5,4.5,4.49954
2825.5,0.6,0.6004500000000009
2825.5,6.1,6.100000000000011
2825.5,8.5,8.5
2826.0,7.8,7.79999999999999
2826.0,0.6,0.6004500000000009
2826.0,6.2,6.200000000000001
2826.0,4.3,4.300000000000008
2826.0,3.5,3.5
2826.5,2.6,2.5999999999999965
2826.5,1.0,1.00013
2826.5,3.9,3.899999999999995
2826.5,9.7,9.701000000000016
2826.5,2.9,2.9000000000000004
2827.0,-14.8,-14.797999999999975
2827.0,3.1,3.1000000000000005
2827.0,3.7,3.7017999999999933
2827.0,10.1,10.100000000000016
2827.0,2.6,2.5999999999999965
2827.5,4.9,4.8999999999999915
2827.5,-19.0,-18.984520000000003
2827.5,10.1,10.100000000000016
2827.5,3.0,3.0
2827.5,3.9,3.900149999999995
2828.0,5.2,5.199999999999993
2828.0,-16.2,-16.26527000000001
2828.0,9.3,9.299999999999985
2828.0,6.3,6.299489999999999
2828.0,3.6,3.6003800000000035
2828.5,4.4,4.399809999999993
2828.5,-8.6,-8.548400000000004
2828.5,5.9,5.89999999999999
2828.5,9.2,9.200000000000015
2828.5,6.4,6.401199999999989
2829.0,-10.2,-10.214740000000015
2829.0,8.7,8.700000000000015
2829.0,6.0,5.99943
2829.0,4.2,4.199879999999993
2829.0,0.8,0.7986499999999985
2829.5,5.8,5.80069
2829.5,-6.5,-6.478999999999998
2829.5,3.6,3.600000000000003
2829.5,8.6,8.600000000000016
2829.5,1.1,1.0976399999999986
2830.0,3.6,3.600000000000003
2830.0,0.2,0.19999999999999962
2830.0,8.6,8.600000000000016
2830.0,1.7,1.7001199999999985
2830.0,2.1,2.0999999999999965
2830.5,3.0,3.0
2830.5,6.5,6.5
2830.5,3.6,3.600000000000003
2830.5,7.3,7.299999999999992
2830.5,0.6,0.600160000000001
2831.0,-0.1,-0.10024999999999981
2831.0,5.1,5.099980000000008
2831.0,-1.7,-1.7078299999999986
2831.0,6.3,6.299999999999998
2831.0,3.0,3.00005
2831.5,-4.1,-4.098880000000006
2831.5,-0.7,-0.7009800000000012
2831.5,5.7,5.6999999999999975
2831.5,5.9,5.89999999999999
2831.5,3.6,3.600000000000003
2832.0,2.3,2.300000000000004
2832.0,-0.5,-0.4997
2832.0,-3.2,-3.212119999999996
2832.0,4.9,4.8999999999999915
2832.0,9.0,9.0
2832.5,0.7,0.7000000000000013
2832.5,6.4,6.399999999999988
2832.5,2.2,2.2002099999999967
2832.5,8.8,8.801139999999986
2832.5,-7.9,-7.901369999999989
2833.0,-14.4,-14.39400000000001
2833.0,7.7,7.7046800000000095
2833.0,7.9,7.901999999999987
2833.0,2.1,2.0999999999999965
2833.0,2.2,2.200029999999997
2833.5,8.1,8.100000000000014
2833.5,8.5,8.5
2833.5,3.0,3.0
2833.5,2.1,2.0999999999999965
2833.5,-14.8,-14.79613999999998
2834.0,2.6,2.5999999999999965
2834.0,-2.8,-2.801920000000004
2834.0,1.1,1.0999899999999982
2834.0,5.5,5.5
2834.0,1.2,1.200000000000002
2834.5,1.9,1.9000000000000035
2834.5,3.7,3.699999999999993
2834.5,2.0,1.99999
2834.5,7.8,7.79999999999999
2835.0,2.1,2.0999999999999965
2835.0,6.8,6.7999999999999945
2835.0,2.2,2.1999999999999966
2835.0,4.3,4.300000000000008
2835.5,7.1,7.100000000000012
2835.5,1.0,1.00003
2835.5,8.3,8.299999999999988
2835.5,-1.4,-1.3997300000000026
2836.0,-5.6,-5.598270000000009
2836.0,8.0,8.0
2836.0,0.6,0.600000000000001
2836.0,11.0,11.0
2836.5,11.3,11.29999999999998
2836.5,1.3,1.2999999999999983
2836.5,8.4,8.399999999999984
2836.5,-15.4,-15.333700000000015
2837.0,9.6,9.600000000000016
2837.0,1.5,1.5
2837.0,6.2,6.201320000000002
2837.0,-12.1,-12.132
2837.0,-11.8,-11.756999999999987
2837.5,7.3,7.299959999999992
2837.5,-6.9,-6.9067999999999925
2837.5,2.1,2.0999999999999965
2837.5,4.0,4.00063
2837.5,-8.0,-7.99628
2838.0,-2.4,-2.404270000000004
2838.0,5.7,5.6999999999999975
2838.0,-8.4,-8.423239999999991
2838.0,2.5,2.5
2838.0,2.1,2.0999999999999965
2838.5,1.3,1.2999999999999983
2838.5,-6.1,-6.10100000000001
2838.5,3.6,3.600000000000003
2838.5,2.1,2.0999999999999965
2838.5,1.8,1.7990000000000017
2839.0,-0.1,-0.10035999999999982
2839.0,12.2,12.201000000000022
2839.0,3.7,3.699999999999993
2839.0,2.9,2.9000000000000004
2839.0,-6.5,-6.487999999999999
2839.5,2.0,2.0
2839.5,1.1,1.099999999999998
2839.5,-3.8,-3.7999200000000046
2839.5,11.0,11.0
2839.5,5.6,5.60000000000001
2840.0,2.1,2.0999999999999965
2840.0,7.7,7.70000000000001
2840.0,1.1,1.1000399999999981
2840.0,6.3,6.299999999999998
2840.0,1.8,1.8000000000000016
2840.5,3.1,3.1000000000000005
2840.5,6.3,6.299999999999998
2840.5,6.0,5.99943
2840.5,12.6,12.600999999999994
2840.5,3.0,3.0
2841.0,8.6,8.600000000000016
2841.0,5.0,5.0
2841.0,13.7,13.705000000000025
2841.0,1.8,1.8000000000000016
2841.0,6.1,6.100000000000011
2841.5,6.8,6.7999999999999945
2841.5,3.2,3.1999599999999946
2841.5,9.6,9.600000000000016
2841.5,1.7,1.6999999999999986
2841.5,5.0,5.0
2842.0,9.0,9.0
2842.0,3.0,3.00005
2842.0,6.3,6.299939999999998
2842.0,2.2,2.1999999999999966
2842.5,11.2,11.20000000000002
2842.5,5.0,5.0
2842.5,2.5,2.5
2843.0,-2.6,-2.606439999999998
2843.0,12.0,12.0
2843.0,1.6,1.5999999999999972
2843.0,2.5,2.5
2843.5,0.1,0.09999999999999981
2843.5,12.4,12.392000000000003
2843.5,-2.2,-2.2042799999999976
2843.5,1.5,1.5
2844.0,2.1,2.0999999999999965
2844.0,12.7,12.701000000000024
2844.0,3.1,3.1000000000000005
2844.5,13.2,13.199000000000023
2844.5,2.3,2.300180000000004
2844.5,3.3,3.3001000000000063
2845.0,14.1,14.093999999999985
2845.0,3.1,3.100450000000001
2845.0,9.5,9.5
2845.5,2.3,2.300180000000004
2845.5,11.6,11.600000000000001
2845.5,14.4,14.388000000000012
2846.0,1.4,1.4000000000000026
2846.0,12.7,12.699000000000023
2846.0,12.1,12.098999999999998
2846.5,9.9,9.899999999999984
2846.5,9.7,9.700000000000017
2846.5,1.9,1.9000000000000035
2847.0,6.1,6.100290000000012
2847.0,7.0,7.0
2847.0,5.2,5.199999999999993
2847.5,7.0,7.0
2847.5,8.1,8.100000000000014
2847.5,4.5,4.50024
2848.0,9.4,9.401379999999985
2848.0,2.7,2.7001199999999956
2848.0,3.6,3.600000000000003
2848.5,13.2,13.200000000000024
2848.5,-4.0,-3.98508
2848.5,5.9,5.89999999999999
2849.0,-4.1,-4.098880000000006
2849.0,6.5,6.5
2849.0,13.1,13.094999999999992
2849.5,4.6,4.600000000000008
2849.5,6.5,6.5
2849.5,11.2,11.20000000000002
2850.0,4.9,4.8999999999999915
2850.0,7.7,7.70000000000001
2850.0,1.2,1.2000800000000018
2850.5,2.2,2.199659999999997
2850.5,8.2,8.200000000000012
2850.5,-19.9,-19.732000000000017
2851.0,8.8,8.799999999999985
2851.0,5.1,5.100000000000009
2851.5,9.0,9.0
2851.5,8.3,8.299219999999986
2852.0,7.5,7.5
2852.0,9.1,9.100000000000016
2852.5,-7.5,-7.467739999999996
2852.5,9.3,9.301409999999985
2852.5,6.1,6.09961000000001
2853.0,-2.4,-2.400400000000004
2853.0,10.4,10.399999999999986
2853.0,5.4,5.40016999999999
2853.5,11.1,11.100000000000007
2853.5,9.339,9.338550000000005
2853.5,-4.3,-4.309000000000005
2853.5,4.7,4.699999999999992
2854.0,10.9,10.898999999999992
2854.0,4.4,4.399999999999993
2854.0,8.857000000000001,8.87290999999999
2854.0,-3.0,-2.99975
2854.5,11.9,11.899
2854.5,0.2,0.20035999999999965
2854.5,4.1,4.100000000000006
2854.5,7.097,7.097539999999994
2855.0,2.5,2.5
2855.0,7.081,7.0886100000000045
2855.0,5.8,5.800000000000001
2855.0,11.8,11.79999999999998
2855.5,1.7,1.6999999999999986
2855.5,6.8,6.8040799999999955
2855.5,9.2,9.200000000000015
2855.5,6.733,6.728529999999994
2856.0,6.577999999999999,6.586259999999994
2856.0,6.6,6.599680000000012
2856.0,5.8,5.801100000000002
2856.0,1.6,1.5999999999999972
2856.5,5.569,5.571160000000003
2856.5,1.4,1.4000000000000026
2856.5,4.4,4.399999999999993
2856.5,1.6,1.5992199999999972
2857.0,-1.2,-1.199600000000001
2857.0,3.6,3.600000000000003
2857.0,4.861000000000001,4.870319999999993
2857.0,-2.5,-2.50116
2857.5,7.5,7.5
2857.5,5.6339999999999995,5.633330000000002
2857.5,-15.7,-15.837620000000022
2857.5,-1.9,-1.900280000000003
2858.0,8.1,8.100000000000014
2858.0,-1.3,-1.2958499999999988
2858.0,-19.0,-18.980840000000004
2858.0,6.443,6.436789999999991
2858.5,1.7,1.7001199999999985
2858.5,9.2,9.198980000000015
2858.5,6.897,6.89793
2859.0,6.4,6.399919999999988
2859.0,-13.9,-13.877000000000002
2859.0,4.9,4.8999999999999915
2859.0,4.6339999999999995,4.6325800000000035
2859.5,4.3,4.300000000000008
2859.5,6.5,6.501860000000001
2859.5,3.571,3.5707100000000036
2859.5,-7.2,-7.211580000000001
2860.0,4.9,4.8999999999999915
2860.0,2.563,2.5656999999999965
2860.0,5.3,5.300000000000006
2860.0,0.8,0.7999999999999986
2860.5,2.6,2.6004999999999967
2860.5,7.9,7.899999999999986
2860.5,1.9,1.9000000000000035
2860.5,3.9219999999999997,3.918840000000005
2861.0,3.145,3.149070000000001
2861.0,7.8,7.79999999999999
2861.0,3.0,3.0
2861.0,-0.5,-0.49964
2861.5,6.0,6.0
2861.5,-1.2,-1.200070000000002
2861.5,3.8,3.800000000000007
2861.5,3.31,3.30995
2862.0,5.0,5.0
2862.0,6.2,6.200000000000001
2862.0,2.439,2.4415399999999976
2862.0,-1.0,-1.0
2862.5,2.877,2.877640000000003
2862.5,-0.1,-0.10024999999999981
2862.5,8.8,8.799999999999985
2862.5,4.1,4.100000000000006
2863.0,4.7,4.699999999999992
2863.0,10.4,10.398999999999985
2863.0,1.5,1.5
2863.0,2.333,2.3334400000000004
2863.5,5.2,5.199999999999993
2863.5,1.926,1.9261499999999985
2863.5,10.4,10.398999999999985
2863.5,3.2,3.199999999999994
2864.0,4.7,4.699999999999992
2864.0,9.0,9.0
2864.0,2.1519999999999997,2.1505999999999967
2864.0,4.1,4.100000000000006
2864.5,5.0,5.0
2864.5,9.2,9.200000000000015
2864.5,3.0780000000000003,3.0758299999999976
2864.5,4.2,4.199999999999993
2865.0,5.2,5.199999999999993
2865.0,9.6,9.600000000000016
2865.0,3.1,3.099760000000001
2865.0,5.733,5.733069999999998
2865.5,6.937,6.9340800000000025
2865.5,4.2,4.199999999999993
2865.5,11.2,11.20000000000002
2865.5,6.2,6.200000000000001
2866.0,6.6,6.600000000000012
2866.0,4.1,4.100000000000006
2866.0,7.76,7.764759999999996
2866.0,11.2,11.20000000000002
2866.5,4.2,4.199999999999993
2866.5,6.294,6.295639999999997
2866.5,6.7,6.700000000000005
2866.5,14.3,14.310999999999984
2867.0,3.6,3.600000000000003
2867.0,6.2,6.200000000000001
2867.0,5.391,5.394050000000001
2867.0,13.2,13.199000000000023
2867.5,3.3,3.299630000000006
2867.5,6.1,6.100000000000011
2867.5,1.3,1.2999999999999983
2867.5,4.007,4.004550000000003
2868.0,6.0,6.0
2868.0,-6.0,-6.013
2868.0,4.2,4.199999999999993
2868.0,3.218,3.2181800000000016
2868.5,-11.1,-11.100390000000006
2868.5,2.909,2.910429999999997
2868.5,6.1,6.100000000000011
2868.5,5.5,5.5
2869.0,0.3,0.3000000000000005
2869.0,5.0,5.0
2869.0,2.838,2.840869999999999
2869.0,9.4,9.400229999999986
2869.5,5.2,5.199999999999993
2869.5,2.0,2.0
2869.5,2.855,2.8549999999999986
2869.5,10.5,10.501
2870.0,2.702,2.702169999999998
2870.0,9.6,9.600000000000016
2870.0,2.6,2.5999999999999965
2870.0,4.9,4.8999999999999915
2870.5,5.2,5.199999999999993
2870.5,3.0260000000000002,3.0277800000000035
2870.5,8.6,8.600000000000016
2870.5,5.3,5.300000000000006
2871.0,8.9,8.899569999999985
2871.0,11.5,11.5
2871.0,5.8,5.800000000000001
2871.0,3.352,3.3474699999999995
2871.5,3.945,3.9471799999999955
2871.5,1.2,1.200000000000002
2871.5,6.2,6.200000000000001
2871.5,11.4,11.400999999999994
2872.0,13.4,13.395000000000007
2872.0,-2.1,-2.1057099999999966
2872.0,5.444,5.442360000000004
2872.0,5.7,5.6999999999999975
2872.5,14.6,14.623999999999992
2872.5,-4.1,-4.102220000000005
2872.5,6.5920000000000005,6.594879999999998
2872.5,5.9,5.89999999999999
2873.0,6.672000000000001,6.683200000000011
2873.0,5.1,5.100000000000009
2873.0,14.7,14.69000000000002
2873.0,2.2,2.1999999999999966
2873.5,4.2,4.199999999999993
2873.5,2.2,2.1999999999999966
2873.5,6.614,6.6148299999999995
2873.5,13.0,13.0
2874.0,-1.7,-1.7032499999999988
2874.0,7.122999999999999,7.114000000000011
2874.0,3.5,3.5
2874.0,12.1,12.098999999999998
2874.5,10.693,10.693360000000002
2874.5,11.4,11.399999999999995
2874.5,-3.1,-3.1123700000000007
2874.5,1.8,1.8000000000000016
2875.0,-1.3,-1.2991499999999985
2875.0,0.8,0.7999999999999986
2875.0,11.0,11.0
2875.0,8.346,8.327159999999996
2875.5,2.5,2.5
2875.5,10.1,10.100000000000016
2875.5,1.9,1.9000000000000035
2875.5,5.702999999999999,5.701979999999992
2876.0,1.07,1.0718799999999977
2876.0,9.4,9.399999999999984
2876.0,4.1,4.100000000000006
2876.0,5.2,5.199999999999993
2876.5,9.7,9.700000000000017
2876.5,9.5,9.5
2876.5,0.9690000000000001,0.9702199999999985
2876.5,3.2,3.199999999999994
2877.0,1.062,1.068819999999998
2877.0,8.4,8.399999999999984
2877.0,12.1,12.100999999999999
2877.0,2.7,2.699999999999995
2877.5,0.67,0.6707900000000003
2877.5,6.9,6.900739999999988
2877.5,13.0,13.0
2877.5,3.0,3.0
2878.0,10.7,10.70000000000002
2878.0,3.6,3.600000000000003
2878.0,0.442,0.44081000000000004
2878.0,5.5,5.5
2878.5,0.54,0.5383499999999993
2878.5,5.3,5.300000000000006
2878.5,3.3,3.300000000000006
2878.5,8.6,8.600000000000016
2879.0,1.25,1.2481100000000003
2879.0,5.7,5.6999999999999975
2879.0,3.1,3.1000000000000005
2879.0,6.8,6.7999999999999945
2879.5,2.104,2.1026400000000023
2879.5,3.0,3.0
2879.5,5.4,5.400439999999991
2879.5,6.5,6.5
2880.0,5.8,5.800000000000001
2880.0,2.7,2.699999999999995
2880.0,2.47,2.4679299999999995
2880.0,2.0,2.0
2880.5,3.2,3.199999999999994
2880.5,2.639,2.633520000000002
2880.5,-3.8,-3.798510000000005
2880.5,4.6,4.600000000000008
2881.0,-2.0,-1.99612
2881.0,2.932,2.929829999999999
2881.0,4.4,4.399999999999993
2881.0,3.9,3.899999999999995
2881.5,4.265,4.265779999999992
2881.5,5.9,5.89999999999999
2881.5,4.8,4.800000000000008
2881.5,-4.3,-4.280940000000004
2882.0,1.6,1.600039999999997
2882.0,5.5,5.5
2882.0,4.477,4.474839999999997
2882.0,6.2,6.200000000000001
2882.5,1.9,1.9000000000000035
2882.5,3.5580000000000003,3.558589999999998
2882.5,6.8,6.800229999999995
2882.5,4.9,4.8999999999999915
2883.0,2.147,2.147489999999998
2883.0,4.2,4.199999999999993
2883.0,6.1,6.100290000000012
2883.0,3.4,3.3999999999999972
2883.5,7.3,7.299999999999992
2883.5,4.7,4.699999999999992
2883.5,2.5869999999999997,2.5840999999999967
2883.5,2.7,2.699999999999995
2884.0,8.3,8.299939999999987
2884.0,5.048,5.041230000000002
2884.0,5.6,5.599840000000009
2884.0,1.3,1.2999999999999983
2884.5,7.595,7.596090000000016
2884.5,7.6,7.600000000000014
2884.5,0.9,0.899450000000001
2884.5,5.4,5.400159999999991
2885.0,0.7,0.7000000000000013
2885.0,9.249,9.226930000000017
2885.0,5.5,5.5
2885.0,6.5,6.5
2885.5,5.0,5.0
2885.5,1.1,1.099999999999998
2885.5,8.082,8.088120000000002
2885.5,5.1,5.100000000000009
2886.0,5.1,5.100000000000009
2886.0,2.5,2.5
2886.0,6.129,6.130210000000006
2886.0,5.8,5.799550000000002
2886.5,4.5,4.49968
2886.5,3.8,3.800000000000007
2886.5,4.2330000000000005,4.2351700000000045
2886.5,6.4,6.399999999999988
2887.0,5.0,5.0
2887.0,2.6860000000000004,2.685660000000004
2887.0,-0.6,-0.600000000000001
2887.0,7.7,7.70000000000001
2887.5,7.7,7.70000000000001
2887.5,1.6669999999999998,1.666660000000001
2887.5,-2.5,-2.50014
2887.5,5.3,5.3003900000000055
2888.0,8.0,8.0
2888.0,0.755,0.7505600000000002
2888.0,-0.6,-0.600000000000001
2888.0,5.5,5.5
2888.5,-0.1,-0.09964999999999982
2888.5,8.0,8.0
2888.5,4.1,4.100000000000006
2888.5,0.975,0.9764999999999989
2889.0,3.9,3.899999999999995
2889.0,8.6,8.600000000000016
2889.0,0.2,0.19999999999999965
2889.0,1.09,1.0896000000000006
2889.5,9.8,9.798999999999984
2889.5,0.8,0.7999999999999986
2889.5,1.139,1.1387399999999992
2889.5,5.7,5.6999999999999975
2890.0,9.1,9.100000000000016
2890.0,1.139,1.1387399999999992
2890.0,8.1,8.100000000000014
2890.0,-0.7,-0.7019800000000012
2890.5,5.7,5.6999999999999975
2890.5,7.7,7.70000000000001
2890.5,1.311,1.3117200000000018
2890.5,12.4,12.401999999999997
2891.0,7.8,7.79999999999999
2891.0,1.565,1.5620399999999999
2891.0,13.7,13.703000000000024
2891.0,5.1,5.100000000000009
2891.5,1.23,1.2316600000000006
2891.5,13.7,13.701000000000024
2891.5,8.8,8.799999999999985
2891.5,4.9,4.8999999999999915
2892.0,5.3,5.300000000000006
2892.0,0.7020000000000001,0.7012400000000004
2892.0,12.9,12.896000000000006
2892.0,6.5,6.5
2892.5,12.0,12.0
2892.5,6.0,6.0
2892.5,0.043,0.04225000000000003
2892.5,5.0,5.0
2893.0,11.3,11.29999999999998
2893.0,0.47200000000000003,0.4770400000000001
2893.0,6.8,6.7999999999999945
2893.0,4.6,4.600000000000008
2893.5,6.8,6.7999999999999945
2893.5,3.8,3.800000000000007
2893.5,0.413,0.4076099999999996
2893.5,10.9,10.898999999999992
2894.0,3.1,3.100450000000001
2894.0,10.4,10.398999999999985
2894.0,1.692,1.6937799999999987
2894.0,7.3,7.299999999999992
2894.5,1.298,1.2984900000000013
2894.5,11.1,11.100000000000007
2894.5,6.7,6.700000000000005
2894.5,2.3,2.300180000000004
2895.0,6.7,6.700000000000005
2895.0,11.5,11.499
2895.0,3.0,3.0
2895.0,0.924,0.9227100000000001
2895.5,6.6,6.600130000000012
2895.5,11.2,11.20000000000002
2895.5,5.6,5.60000000000001
2895.5,-0.136,-0.13399999999999979
2896.0,10.3,10.295999999999983
2896.0,0.299,0.29935
2896.0,4.8,4.800000000000008
2896.0,7.6,7.600000000000014
2896.5,3.1,3.1000000000000005
2896.5,8.9,8.899569999999985
2896.5,0.616,0.61341
2896.5,5.2,5.199999999999993
2897.0,0.018000000000000002,0.017760000000000012
2897.0,8.8,8.799999999999985
2897.0,1.9,1.9000000000000035
2897.0,-5.5,-5.505
2897.5,1.0,1.0
2897.5,-12.1,-12.133000000000003
2897.5,8.3,8.299939999999987
2897.5,-0.731,-0.7302300000000002
2898.0,-0.414,-0.4083100000000002
2898.0,0.5,0.5
2898.0,8.5,8.5
2898.5,0.9,0.9000000000000008
2898.5,0.486,0.4862199999999994
2898.5,8.6,8.600000000000016
2899.0,1.505,1.5025999999999988
2899.0,1.7,1.6999999999999986
2899.0,9.0,9.0
2899.5,1.367,1.3663700000000008
2899.5,3.3,3.300000000000006
2899.5,9.1,9.100000000000016
2899.5,-13.2,-13.216000000000019
2900.0,1.325,1.3231500000000012
2900.0,5.7,5.6999999999999975
2900.0,9.2,9.199980000000016
2900.0,-0.6,-0.600000000000001
2900.5,7.2,7.200000000000006
2900.5,1.359,1.3594299999999995
2900.5,8.7,8.700000000000015
2900.5,0.7,0.7000000000000013
2901.0,-1.9,-1.900420000000003
2901.0,2.214,2.2142099999999996
2901.0,8.2,8.200000000000012
2901.0,8.6,8.600000000000016
2901.5,1.5,1.5
2901.5,3.406,3.4058500000000023
2901.5,7.3,7.299999999999992
2901.5,8.2,8.200000000000012
2902.0,3.9,3.899999999999995
2902.0,5.345,5.344110000000011
2902.0,7.5,7.5
2902.0,3.8,3.800000000000007
2902.5,0.4,0.39999999999999925
2902.5,8.4,8.399999999999984
2902.5,5.84,5.834399999999997
2902.5,2.1,2.0999999999999965
2903.0,4.279,4.278929999999997
2903.0,1.6,1.5999999999999972
2903.0,9.1,9.104900000000013
2903.0,1.2,1.200000000000002
2903.5,8.1,8.100050000000014
2903.5,4.279,4.278929999999997
2903.5,-3.2,-3.1982199999999943
2903.5,0.7,0.7000000000000013
2904.0,2.334,2.3354800000000027
2904.0,6.4,6.4001499999999885
2904.0,-3.7,-3.701779999999994
2904.0,1.3,1.2999999999999983
2904.5,0.8,0.7999999999999986
2904.5,0.446,0.44881999999999983
2904.5,-3.7,-3.701779999999994
2904.5,3.7,3.6999199999999934
2905.0,1.2,1.200000000000002
2905.0,1.984,1.9818099999999998
2905.0,2.5,2.5
2905.0,-1.9,-1.9044800000000028
2905.5,1.5,1.50008
2905.5,2.3,2.300000000000004
2905.5,1.088,1.0894599999999988
2905.5,-0.5,-0.49705999999999984
2906.0,1.4,1.4001000000000026
2906.0,1.9,1.8999100000000033
2906.0,0.0,0.0
2906.0,1.5,1.5
2906.5,2.4,2.3993000000000038
2906.5,1.395,1.3948300000000002
2906.5,2.2,2.2001999999999966
2906.5,1.2,1.200000000000002
2907.0,0.8079999999999999,0.8077100000000002
2907.0,0.1,0.10108999999999985
2907.0,3.5,3.5
2907.0,1.0,1.00024
2907.5,1.4,1.4001000000000026
2907.5,3.9,3.899679999999995
2907.5,2.991,2.9924800000000027
2907.5,-0.1,-0.10060999999999982
2908.0,4.263,4.263969999999997
2908.0,3.0,3.0
2908.0,3.7,3.699999999999993
2908.0,-0.3,-0.30179000000000045
2908.5,5.689,5.690030000000002
2908.5,5.6,5.60000000000001
2908.5,-0.2,-0.20024999999999962
2908.5,3.0,3.00005
2909.0,0.1,0.09999999999999981
2909.0,7.1,7.099970000000013
2909.0,3.1,3.1000000000000005
2909.0,5.641,5.636550000000002
2909.5,5.791,5.792170000000004
2909.5,7.7,7.70000000000001
2909.5,0.8,0.7999999999999986
2909.5,3.9,3.899679999999995
2910.0,3.6,3.600000000000003
2910.0,5.529,5.52639
2910.0,7.7,7.70039000000001
2910.0,3.3,3.299720000000006
2910.5,3.5,3.5
2910.5,5.5,5.5
2910.5,8.2,8.200000000000012
2910.5,5.446000000000001,5.4428400000000074
2911.0,6.0,6.0
2911.0,7.2,7.199800000000007
2911.0,4.813,4.808449999999997
2911.0,5.7,5.6999999999999975
2911.5,6.0,6.0
2911.5,7.3,7.299999999999992
2911.5,8.0,8.0
2911.5,6.428999999999999,6.430589999999987
2912.0,7.4,7.399999999999986
2912.0,3.5,3.5
2912.0,8.6,8.600000000000016
2912.0,5.7589999999999995,5.757450000000006
2912.5,5.239,5.237739999999993
2912.5,6.8,6.7999999999999945
2912.5,1.3,1.2999999999999983
2912.5,5.0,5.0
2913.0,0.3,0.2999900000000004
2913.0,3.4989999999999997,3.4991100000000035
2913.0,6.3,6.299999999999998
2913.0,2.6,2.5999999999999965
2913.5,4.323,4.316559999999996
2913.5,6.0,6.0
2913.5,0.6,0.5989200000000008
2913.5,0.6,0.600150000000001
2914.0,1.3,1.2999999999999983
2914.0,6.8,6.7999999999999945
2914.0,-1.2,-1.2021900000000012
2914.0,3.4,3.3999999999999972
2914.0,4.629,4.6294100000000045
2914.5,7.5,7.5
2914.5,-1.6,-1.600999999999997
2914.5,-0.8,-0.7979799999999989
2914.5,3.464,3.4649000000000005
2914.5,3.1,3.1000000000000005
2915.0,-1.6,-1.600999999999997
2915.0,-1.6,-1.6017499999999973
2915.0,0.9,0.8995400000000005
2915.0,2.4219999999999997,2.4279699999999984
2915.0,7.6,7.600000000000014
2915.5,-0.2,-0.19999999999999962
2915.5,1.631,1.6313600000000006
2915.5,8.4,8.399999999999984
2915.5,-0.5,-0.49845
2915.5,-1.0,-1.00087
2916.0,1.158,1.1575400000000005
2916.0,4.0,4.00007
2916.0,0.3,0.2999900000000004
2916.0,10.0,10.0
2916.5,12.3,12.300999999999977
2916.5,0.9159999999999999,0.916169999999998
2916.5,5.9,5.89999999999999
2916.5,-0.8,-0.8004199999999987
2917.0,13.6,13.599999999999989
2917.0,5.9,5.89999999999999
2917.0,0.58,0.5857999999999993
2917.0,-1.4,-1.4006000000000025
2917.5,11.6,11.601000000000004
2917.5,-2.3,-2.2944600000000035
2917.5,4.916,4.914239999999995
2917.5,0.8959999999999999,0.8966800000000008
2917.5,5.9,5.89999999999999
2918.0,4.7,4.699999999999992
2918.0,-4.5,-4.527679999999998
2918.0,1.247,1.2474500000000002
2918.0,7.513999999999999,7.509910000000006
2918.0,10.4,10.399999999999986
2918.5,3.7,3.699999999999993
2918.5,-6.9,-6.8965199999999935
2918.5,2.513,2.511450000000001
2918.5,7.4,7.400219999999987
2918.5,7.785,7.789499999999995
2919.0,-7.3,-7.320739999999996
2919.0,1.859,1.8587200000000013
2919.0,6.4,6.399999999999988
2919.0,3.9,3.899999999999995
2919.0,7.547000000000001,7.547480000000014
2919.5,-6.7,-6.731400000000003
2919.5,5.0,5.0
2919.5,2.565,2.5667099999999983
2919.5,5.912000000000001,5.912909999999999
2919.5,4.5,4.5
2920.0,4.537,4.540059999999998
2920.0,-5.5,-5.49016
2920.0,7.0,6.99937
2920.0,2.98,2.9781600000000004
2920.0,4.4,4.399999999999993
2920.5,8.1,8.100000000000014
2920.5,6.042000000000001,6.040039999999998
2920.5,-4.1,-4.117420000000006
2920.5,3.9739999999999998,3.9785199999999996
2920.5,5.0,5.0
2921.0,5.9,5.89999999999999
2921.0,4.98,4.981360000000004
2921.0,-2.3,-2.299300000000004
2921.0,5.912999999999999,5.913160000000005
2921.0,0.5,0.5004
2921.5,6.8,6.7999999999999945
2921.5,-0.6,-0.600000000000001
2921.5,4.552,4.551340000000004
2921.5,5.425,5.4225100000000035
2921.5,-9.6,-9.638000000000009
2922.0,3.6210000000000004,3.6207099999999963
2922.0,1.8,1.8000000000000016
2922.0,3.01,3.0101899999999966
2922.0,-6.8,-6.801799999999997
2922.0,7.1,7.099450000000012
2922.5,-7.4,-7.390439999999989
2922.5,1.003,1.0021
2922.5,2.861,2.8580599999999965
2922.5,5.2,5.199999999999993
2922.5,6.9,6.899559999999989
2923.0,5.2,5.199999999999993
2923.0,-13.0,-12.965000000000007
2923.0,8.0,8.0
2923.0,0.746,0.74417
2923.0,2.844,2.8440599999999963
2923.5,1.838,1.8414099999999973
2923.5,2.3,2.300000000000004
2923.5,2.21,2.210070000000001
2923.5,8.6,8.596940000000012
2924.0,2.7439999999999998,2.7424900000000023
2924.0,1.3,1.2999999999999983
2924.0,-12.9,-12.896000000000006
2924.0,1.4369999999999998,1.4368699999999996
2924.0,12.2,12.201000000000022
2924.5,1.495,1.4954000000000016
2924.5,4.3,4.300000000000008
2924.5,3.7,3.699999999999993
2924.5,13.7,13.709000000000017
2924.5,2.9219999999999997,2.9239500000000005
2925.0,7.6,7.600000000000014
2925.0,1.218,1.217900000000001
2925.0,7.2,7.199800000000007
2925.0,3.286,3.284690000000001
2925.0,12.7,12.699000000000023
2925.5,1.619,1.6200999999999999
2925.5,9.3,9.300389999999986
2925.5,8.2,8.200000000000012
2925.5,9.7,9.700000000000017
2925.5,5.487,5.4920700000000044
2926.0,7.0,7.0
2926.0,3.1,3.1000000000000005
2926.0,4.784,4.788059999999998
2926.0,1.547,1.5490799999999996
2926.0,7.7,7.70000000000001
2926.5,1.7,1.699399999999999
2926.5,3.5,3.5
2926.5,0.892,0.89278
2926.5,1.439,1.4365699999999983
2926.5,4.3,4.3005700000000076
2927.0,-0.1,-0.10035999999999982
2927.0,1.122,1.1243
2927.0,10.2,10.201000000000016
2927.0,0.322,0.32497999999999955
2927.0,1.3,1.2999399999999983
2927.5,5.9,5.89999999999999
2927.5,1.558,1.555720000000001
2927.5,-1.021,-1.0161800000000003
2927.5,2.3,2.300000000000004
2928.0,5.1,5.100000000000009
2928.0,0.046,0.04507999999999999
2928.0,2.585,2.584500000000002
2928.0,3.6,3.600000000000003
2928.5,0.086,0.08747000000000009
2928.5,6.7,6.700000000000005
2928.5,1.9680000000000002,1.970329999999999
2928.5,3.6,3.600000000000003
2929.0,-0.207,-0.20533000000000012
2929.0,0.845,0.8402899999999992
2929.0,6.7,6.700000000000005
2929.0,3.9,3.899999999999995
2929.5,5.7,5.6999999999999975
2929.5,3.1,3.1000000000000005
2929.5,-1.041,-1.044849999999999
2929.5,0.33899999999999997,0.3390299999999996
2930.0,7.3,7.299999999999992
2930.0,-0.2,-0.19999999999999962
2930.0,-6.0,-6.016000000000002
2930.0,-1.57,-1.5834799999999964
2930.0,0.3,0.30044000000000043
2930.5,9.9,9.899999999999984
2930.5,-0.9,-0.9000800000000007
2930.5,-1.8630000000000002,-1.8798200000000012
2930.5,-6.4,-6.408999999999992
2930.5,0.546,0.5403899999999994
2931.0,0.7,0.7000000000000013
2931.0,-4.2,-4.222219999999996
2931.0,-8.4,-8.403919999999989
2931.0,-1.6980000000000002,-1.7015899999999997
2931.0,11.0,11.0
2931.5,11.9,11.897999999999998
2931.5,-9.9,-9.897999999999985
2931.5,-8.5,-8.488519999999996
2931.5,-0.436,-0.43206999999999984
2931.5,0.82,0.8227699999999996
2932.0,-10.4,-10.36799999999999
2932.0,11.0,11.0
2932.0,1.615,1.6172999999999995
2932.0,3.9819999999999998,3.9834300000000065
2932.0,-7.6,-7.643000000000009
2932.5,-2.9,-2.9000000000000012
2932.5,8.4,8.399999999999984
2932.5,3.299,3.2990799999999996
2932.5,-11.4,-11.40899999999999
2932.5,4.184,4.1885600000000025
2933.0,7.8,7.799429999999989
2933.0,3.478,3.4787700000000035
2933.0,4.893,4.895309999999989
2933.0,-11.1,-11.117000000000004
2933.0,-0.2,-0.19999999999999962
2933.5,-0.136,-0.13279999999999978
2933.5,-4.0,-3.991140000000002
2933.5,8.2,8.200000000000012
2933.5,-8.2,-8.188080000000008
2933.5,6.112,6.108060000000005
2934.0,-1.9,-1.9011200000000026
2934.0,11.1,11.100000000000007
2934.0,5.027,5.029319999999995
2934.0,-5.0,-5.004579999999999
2934.0,1.94,1.9396999999999993
2934.5,5.9,5.89999999999999
2934.5,-5.6,-5.594810000000009
2934.5,11.6,11.602000000000002
2934.5,3.7089999999999996,3.7093699999999994
2934.5,2.966,2.967110000000003
2935.0,-6.3,-6.301999999999998
2935.0,12.2,12.203000000000022
2935.0,11.9,11.899
2935.0,2.6860000000000004,2.685870000000003
2935.0,1.4880000000000002,1.49063
2935.5,10.8,10.80099999999998
2935.5,2.9589999999999996,2.9598200000000023
2935.5,-7.7,-7.669740000000006
2935.5,-3.187,-3.193370000000003
2935.5,13.8,13.788999999999982
2936.0,6.4,6.399999999999988
2936.0,15.5,15.504999999999995
2936.0,-2.171,-2.1863299999999977
2936.0,-9.5,-9.468799999999996
2936.0,4.279,4.278199999999997
2936.5,15.2,15.196000000000017
2936.5,0.0,-4e-05
2936.5,5.234,5.234749999999995
2936.5,-10.2,-10.215220000000018
2936.5,3.8,3.8005400000000065
2937.0,1.127,1.1262099999999986
2937.0,3.6,3.599860000000004
2937.0,6.867000000000001,6.871280000000001
2937.0,-9.8,-9.795099999999984
2937.0,18.5,18.410999999999998
2937.5,1.022,1.0222200000000015
2937.5,17.9,18.012000000000025
2937.5,7.596,7.595990000000008
2937.5,4.7,4.699999999999992
2937.5,-8.9,-8.926999999999987
2938.0,7.6129999999999995,7.60730000000001
2938.0,-7.7,-7.689000000000009
2938.0,8.2,8.200000000000012
2938.0,2.1,2.0999999999999965
2938.0,1.2990000000000002,1.298990000000002
2938.5,-6.7,-6.733440000000005
2938.5,6.1,6.099610000000012
2938.5,-1.1,-1.1002499999999984
2938.5,1.37,1.3682200000000015
2938.5,5.035,5.034210000000008
2939.0,2.225,2.2248199999999976
2939.0,4.1160000000000005,4.114659999999997
2939.0,4.7,4.699999999999992
2939.0,-1.3,-1.3005399999999983
2939.0,-5.0,-5.001619999999999
2939.5,4.4,4.3993799999999945
2939.5,0.5,0.5
2939.5,3.0380000000000003,3.037500000000004
2939.5,-3.2,-3.195229999999995
2939.5,3.4989999999999997,3.499120000000003
2940.0,1.6,1.600039999999997
2940.0,-2.2,-2.2031999999999967
2940.0,3.858,3.858500000000001
2940.0,4.283,4.281100000000001
2940.0,4.6,4.600000000000008
2940.5,3.0460000000000003,3.043049999999999
2940.5,4.306,4.304589999999999
2940.5,-1.5,-1.4950300000000005
2940.5,1.0,1.0
2940.5,5.1,5.100000000000009
2941.0,2.454,2.453010000000001
2941.0,-0.4,-0.39999999999999925
2941.0,3.915,3.915800000000005
2941.0,0.6,0.600000000000001
2941.0,5.2,5.199999999999993
2941.5,5.5,5.500159999999999
2941.5,3.866,3.8646599999999993
2941.5,0.0,-4e-05
2941.5,3.569,3.5695600000000014
2941.5,0.7,0.7000000000000013
2942.0,3.8,3.800000000000007
2942.0,5.1,5.100000000000009
2942.0,1.4,1.4000900000000027
2942.0,6.422999999999999,6.424979999999994
2942.0,2.096,2.0972600000000003
2942.5,3.8,3.800000000000007
2942.5,4.6,4.600000000000008
2942.5,-0.258,-0.2553599999999998
2942.5,6.8229999999999995,6.821619999999989
2942.5,0.8,0.7986499999999985
2943.0,4.0,4.0
2943.0,5.522,5.521930000000001
2943.0,4.3,4.300000000000008
2943.0,-0.5,-0.49988
2943.0,-3.639,-3.6237900000000054
2943.5,-1.0,-1.0006
2943.5,-2.3,-2.298450000000004
2943.5,4.471,4.470390000000001
2943.5,-5.053999999999999,-5.060759999999992
2944.0,-1.2329999999999999,-1.2377300000000009
2944.0,4.7,4.699999999999992
2944.0,4.7,4.699999999999992
2944.0,4.584,4.585960000000004
2944.0,-1.9,-1.895400000000003
2944.0,-2.9,-2.9018800000000002
2944.5,2.222,2.2233200000000006
2944.5,4.273,4.275020000000003
2944.5,5.3,5.300000000000006
2944.5,-1.7,-1.7023499999999985
2944.5,-2.5,-2.49935
2945.0,-0.9,-0.8997400000000008
2945.0,5.9,5.89999999999999
2945.0,2.835,2.83736
2945.0,1.528,1.5304600000000008
2945.0,-0.8,-0.8005799999999986
2945.5,1.9,1.9000000000000035
2945.5,4.2,4.200749999999993
2945.5,5.9,5.89999999999999
2945.5,0.156,0.1570900000000002
2945.5,-0.348,-0.3619899999999998
2946.0,7.3,7.299999999999992
2946.0,4.3,4.300000000000008
2946.0,-0.39799999999999996,-0.39864000000000016
2946.0,-5.9,-5.915999999999992
2946.0,-0.907,-0.9046299999999994
2946.5,-0.693,-0.6964299999999998
2946.5,4.3,4.300000000000008
2946.5,2.9,2.9000900000000005
2946.5,0.531,0.5324199999999994
2947.0,0.198,0.1982600000000002
2947.0,3.5,3.4999900000000004
2947.0,2.5839999999999996,2.5837000000000017
2947.0,3.5,3.5
2947.5,3.8,3.799620000000006
2947.5,4.121,4.116469999999996
2947.5,3.9,3.899999999999995
2947.5,0.198,0.1982600000000002
2948.0,3.3,3.300000000000006
2948.0,6.222,6.212699999999996
2948.0,-9.4,-9.419099999999991
2948.0,1.626,1.6272800000000012
2948.0,5.0,5.00161
2948.5,1.8,1.8000000000000016
2948.5,6.938,6.931279999999994
2948.5,3.5410000000000004,3.5435399999999975
2948.5,2.5,2.5
2948.5,6.2,6.200480000000002
2949.0,6.4110000000000005,6.406819999999989
2949.0,4.486000000000001,4.4848699999999955
2949.0,7.5,7.501170000000001
2949.0,-0.2,-0.19999999999999962
2949.0,3.9,3.899999999999995
2949.5,-1.6,-1.6048999999999976
2949.5,3.8680000000000003,3.865529999999997
2949.5,5.0,5.0
2949.5,3.905,3.903589999999992
2949.5,10.4,10.398999999999985
2950.0,1.999,1.9993299999999983
2950.0,-2.1,-2.1057099999999966
2950.0,6.1,6.100000000000011
2950.0,2.603,2.6018600000000007
2950.0,13.2,13.200000000000024
2950.5,7.0,7.0
2950.5,0.353,0.34945000000000026
2950.5,1.714,1.7145299999999994
2950.5,5.3,5.300000000000006
2950.5,12.9,12.897000000000006
2951.0,-0.667,-0.6722000000000007
2951.0,8.5,8.5
2951.0,8.9,8.899569999999985
2951.0,14.9,14.899000000000017
2951.0,1.235,1.2343700000000002
2951.5,10.7,10.698000000000015
2951.5,-1.114,-1.1113300000000006
2951.5,10.0,10.0
2951.5,14.7,14.697000000000024
2951.5,1.365,1.3650699999999987
2952.0,11.2,11.20000000000002
2952.0,14.9,14.900000000000011
2952.0,-0.248,-0.2478200000000003
2952.0,1.311,1.3123400000000018
2952.0,9.3,9.299999999999985
2952.5,10.2,10.200000000000019
2952.5,14.1,14.096999999999987
2952.5,-0.026000000000000002,-0.023679999999999986
2952.5,1.1520000000000001,1.1538800000000007
2952.5,6.3,6.299999999999998
2953.0,13.5,13.502
2953.0,-0.705,-0.7042299999999996
2953.0,6.3,6.299999999999998
2953.0,1.6340000000000001,1.6337599999999983
2953.0,10.2,10.200000000000019
2953.5,-0.48200000000000004,-0.48205999999999966
2953.5,7.1,7.100000000000012
2953.5,13.6,13.599999999999989
2953.5,0.981,0.979049999999999
2953.5,6.5,6.5
2954.0,-0.38799999999999996,-0.39101000000000014
2954.0,0.03,0.029739999999999957
2954.0,2.6,2.5999999999999965
2954.0,6.4,6.399999999999988
2954.0,14.1,14.096999999999987
2954.5,1.023,1.0227500000000003
2954.5,3.6,3.600000000000003
2954.5,-0.4,-0.4002799999999993
2954.5,14.7,14.706000000000023
2954.5,-0.85,-0.8500799999999994
2955.0,13.9,13.89400000000001
2955.0,0.1,0.09999999999999981
2955.0,2.505,2.505999999999997
2955.0,2.9,2.9000000000000004
2955.0,-0.8190000000000001,-0.8137300000000007
2955.5,0.39,0.3906000000000005
2955.5,13.4,13.398000000000009
2955.5,6.6,6.600000000000012
2955.5,4.586,4.586620000000007
2955.5,2.1,2.0999999999999965
2956.0,0.772,0.7731600000000001
2956.0,3.7,3.699999999999993
2956.0,3.5,3.5
2956.0,13.6,13.595999999999993
2956.0,5.74,5.741010000000005
2956.5,13.1,13.092999999999993
2956.5,6.5520000000000005,6.551270000000004
2956.5,4.7,4.699999999999992
2956.5,1.099,1.0993499999999998
2956.5,-3.0,-2.9869600000000003
2957.0,-1.1,-1.099999999999998
2957.0,1.351,1.3496099999999998
2957.0,5.038,5.036070000000006
2957.0,13.4,13.392000000000007
2957.0,5.2,5.199999999999993
2957.5,3.1,3.1000000000000005
2957.5,3.5789999999999997,3.578690000000002
2957.5,3.6,3.600000000000003
2957.5,1.633,1.633429999999999
2957.5,13.0,13.001
2958.0,2.9589999999999996,2.960410000000002
2958.0,13.5,13.501
2958.0,4.1,4.100000000000006
2958.0,1.665,1.66577
2958.0,0.3,0.3000000000000005
2958.5,5.9,5.89999999999999
2958.5,2.847,2.847489999999999
2958.5,12.2,12.201000000000022
2958.5,0.98,0.9801300000000001
2958.5,-8.0,-7.998839999999999
2959.0,0.147,0.15181000000000014
2959.0,12.6,12.598999999999997
2959.0,-12.3,-12.297999999999979
2959.0,3.2,3.200059999999994
2959.0,2.977,2.9767
2959.5,3.2230000000000003,3.222310000000005
2959.5,-9.4,-9.408099999999987
2959.5,13.7,13.702000000000023
2959.5,0.221,0.22095000000000004
2959.5,2.3,2.300000000000004
2960.0,-1.1,-1.0991999999999984
2960.0,0.221,0.22095000000000004
2960.0,14.6,14.633999999999993
2960.0,2.792,2.7933800000000004
2960.0,2.2,2.1999999999999966
2960.5,13.7,13.702000000000023
2960.5,2.1,2.1000799999999966
2960.5,0.654,0.6550800000000011
2960.5,6.8,6.7999999999999945
2960.5,2.4,2.400000000000004
2961.0,1.476,1.4782799999999994
2961.0,1.7830000000000001,1.7903099999999992
2961.0,5.2,5.199999999999993
2961.0,12.7,12.701000000000022
2961.0,3.1,3.1000000000000005
2961.5,4.9,4.8999999999999915
2961.5,2.5660000000000003,2.5679900000000004
2961.5,1.8559999999999999,1.8536099999999982
2961.5,2.0,2.0
2961.5,12.5,12.501
2962.0,12.0,12.0
2962.0,6.0,6.0
2962.0,2.843,2.842749999999998
2962.0,2.8489999999999998,2.8487499999999972
2962.0,3.5,3.5
2962.5,6.2,6.200000000000001
2962.5,3.6,3.600000000000003
2962.5,3.64,3.638449999999992
2962.5,5.7,5.6999999999999975
2962.5,12.0,12.0
2963.0,4.357,4.364820000000007
2963.0,4.4,4.399999999999993
2963.0,11.3,11.29999999999998
2963.0,3.638,3.637049999999994
2963.0,4.5,4.5
2963.5,10.5,10.501
2963.5,1.5,1.5
2963.5,2.7,2.699999999999995
2963.5,5.742000000000001,5.741940000000003
2963.5,3.1919999999999997,3.192820000000001
2964.0,0.8,0.7999999999999986
2964.0,6.166,6.163640000000004
2964.0,3.028,3.0283200000000012
2964.0,11.1,11.100000000000007
2964.0,2.3,2.300000000000004
2964.5,12.3,12.300999999999977
2964.5,3.842,3.8437700000000006
2964.5,5.791,5.7918100000000035
2964.5,1.8,1.8000000000000016
2964.5,2.2,2.1999999999999966
2965.0,4.388,4.385929999999994
2965.0,4.743,4.746169999999999
2965.0,15.0,14.970000000000006
2965.0,2.2,2.1999999999999966
2965.0,-3.6,-3.601560000000004
2965.5,5.143,5.1412999999999895
2965.5,-9.0,-8.98824
2965.5,17.2,17.191000000000027
2965.5,2.7,2.699999999999995
2965.5,3.853,3.853970000000002
2966.0,-5.1,-5.089600000000008
2966.0,16.7,16.666000000000025
2966.0,2.991,2.9917300000000036
2966.0,4.295,4.2958500000000015
2966.0,3.6,3.600000000000003
2966.5,6.5,6.5
2966.5,15.3,15.271999999999986
2966.5,3.365,3.3668100000000036
2966.5,5.523,5.523010000000008
2966.5,1.0,1.00024
2967.0,6.2,6.200000000000001
2967.0,13.5,13.502
2967.0,3.429,3.430979999999995
2967.0,6.978,6.9861399999999945
2967.0,7.8,7.79999999999999
2967.5,5.8,5.800000000000001
2967.5,8.101,8.100690000000004
2967.5,2.949,2.948410000000004
2967.5,12.2,12.202000000000021
2967.5,8.8,8.799999999999985
2968.0,11.7,11.699000000000021
2968.0,7.7,7.70000000000001
2968.0,2.2030000000000003,2.202420000000002
2968.0,5.888,5.888799999999995
2968.0,-2.7,-2.7101599999999975
2968.5,12.1,12.098999999999998
2968.5,2.2030000000000003,2.202420000000002
2968.5,3.841,3.840950000000003
2968.5,4.9,4.8999999999999915
2968.5,-9.0,-8.990739999999999
2969.0,12.3,12.300999999999977
2969.0,1.187,1.1876099999999987
2969.0,5.4,5.400159999999991
2969.0,3.483,3.4795400000000027
2969.0,-3.5,-3.541000000000003
2969.5,12.3,12.300999999999977
2969.5,3.2060000000000004,3.2043199999999983
2969.5,1.6,1.5995799999999971
2969.5,1.124,1.124719999999999
2969.5,-5.4,-5.421889999999995
2970.0,0.723,0.7255799999999997
2970.0,1.9409999999999998,1.939490000000001
2970.0,-10.2,-10.198920000000014
2970.0,12.5,12.502
2970.0,1.5,1.5
2970.5,10.8,10.798999999999984
2970.5,2.6,2.5999999999999965
2970.5,0.731,0.7312700000000002
2970.5,1.2570000000000001,1.2525900000000014
2970.5,-13.2,-13.21000000000002
2971.0,0.731,0.7312700000000002
2971.0,10.9,10.899999999999991
2971.0,-3.6,-3.597390000000003
2971.0,2.9,2.899940000000001
2971.0,1.3159999999999998,1.3151900000000005
2971.5,1.367,1.3664600000000002
2971.5,7.1,7.100000000000012
2971.5,0.7290000000000001,0.7300699999999998
2971.5,2.7,2.699999999999995
2971.5,11.4,11.399999999999995
2972.0,-9.8,-9.806499999999982
2972.0,4.6,4.600000000000008
2972.0,0.687,0.687269999999999
2972.0,10.9,10.898999999999992
2972.0,0.521,0.5200800000000002
2972.5,-9.9,-9.900999999999987
2972.5,10.1,10.100000000000016
2972.5,0.809,0.808239999999999
2972.5,-0.205,-0.20472999999999988
2972.5,5.5,5.5
2973.0,2.187,2.1914000000000016
2973.0,10.0,10.0
2973.0,-0.073,-0.07103000000000011
2973.0,-18.3,-18.238319999999973
2973.0,4.9,4.8999999999999915
2973.5,10.1,10.100000000000016
2973.5,2.51,2.5096099999999977
2973.5,5.3,5.3003900000000055
2973.5,4.158,4.16748
2974.0,10.9,10.899999999999991
2974.0,6.1,6.09961000000001
2974.0,4.381,4.381659999999994
2974.0,-0.6659999999999999,-0.6689399999999992
2974.5,10.6,10.59686000000001
2974.5,1.0,1.00015
2974.5,0.7929999999999999,0.7927300000000008
2974.5,5.516,5.519260000000003
2974.5,7.8,7.799979999999989
2975.0,8.8,8.799999999999985
2975.0,11.0,11.0
2975.0,9.3,9.300389999999986
2975.0,3.957,3.952959999999996
2975.0,-1.06,-1.0507400000000005
2975.5,9.4,9.399999999999984
2975.5,2.8539999999999996,2.8542500000000013
2975.5,9.1,9.100000000000016
2975.5,13.6,13.597999999999992
2975.5,-1.3090000000000002,-1.301009999999999
2976.0,7.9,7.899999999999986
2976.0,16.2,16.219000000000023
2976.0,9.8,9.799999999999983
2976.0,-2.435,-2.423100000000003
2976.0,1.4969999999999999,1.4976000000000012
2976.5,6.4,6.400109999999988
2976.5,15.0,14.979000000000006
2976.5,-5.069,-5.066750000000002
2976.5,9.0,9.0
2976.5,1.604,1.60239
2977.0,1.75,1.74896
2977.0,6.4,6.399999999999988
2977.0,-3.162,-3.180419999999998
2977.0,11.2,11.20000000000002
2977.0,10.4,10.398999999999985
2977.5,-1.192,-1.1961599999999992
2977.5,1.75,1.7491400000000001
2977.5,3.5,3.5
2977.5,6.2,6.2011
2977.5,12.6,12.597999999999995
2978.0,2.9960000000000004,2.9972000000000008
2978.0,3.0,3.0
2978.0,3.299,3.2990799999999996
2978.0,5.9,5.89999999999999
2978.0,13.2,13.200000000000024
2978.5,2.7939999999999996,2.7946000000000026
2978.5,5.3,5.3003900000000055
2978.5,5.0,5.0
2978.5,12.9,12.897000000000006
2978.5,4.566,4.564969999999997
2979.0,4.9,4.8999999999999915
2979.0,14.2,14.198000000000025
2979.0,5.412999999999999,5.414680000000007
2979.0,2.077,2.0791599999999977
2979.0,7.7,7.70000000000001
2979.5,4.698,4.698819999999994
2979.5,13.0,13.001
2979.5,1.903,1.90357
2979.5,8.6,8.600000000000016
2979.5,3.9,3.899729999999995
2980.0,2.3,2.300000000000004
2980.0,1.138,1.1384400000000006
2980.0,2.9139999999999997,2.9143699999999955
2980.0,8.1,8.097300000000011
2980.0,13.8,13.781999999999984
2980.5,11.8,11.79999999999998
2980.5,0.1,0.09985999999999981
2980.5,1.93,1.9290300000000022
2980.5,3.491,3.4936700000000025
2980.5,7.7,7.70000000000001
2981.0,11.8,11.79999999999998
2981.0,6.0,6.0
2981.0,1.2409999999999999,1.2392800000000002
2981.0,5.212999999999999,5.209360000000001
2981.0,0.1,0.09999999999999981
2981.5,1.355,1.3532200000000003
2981.5,4.2,4.199999999999993
2981.5,-1.635,-1.6244499999999988
2981.5,3.7,3.699999999999993
2981.5,8.4,8.399999999999984
2982.0,-3.951,-3.9723100000000033
2982.0,9.4,9.397899999999986
2982.0,2.4,2.400000000000004
2982.0,3.4,3.3999999999999972
2982.0,1.6219999999999999,1.6211000000000013
2982.5,1.7,1.6995999999999987
2982.5,-9.25,-9.269999999999998
2982.5,13.3,13.300999999999977
2982.5,2.5,2.5
2982.5,1.913,1.9109100000000012
2983.0,1.3,1.2999999999999983
2983.0,1.9,1.9000000000000035
2983.0,11.1,11.100000000000007
2983.0,-1.9140000000000001,-1.9104999999999988
2983.0,1.97,1.9713199999999986
2983.5,3.503,3.5023899999999966
2983.5,7.1,7.100000000000012
2983.5,3.1,3.1000000000000005
2983.5,2.0,2.0
2983.5,1.98,1.9787799999999982
2984.0,2.9,2.899940000000001
2984.0,4.8,4.800000000000008
2984.0,7.9,7.901999999999987
2984.0,1.7,1.6999999999999986
2984.0,4.313,4.311469999999993
2984.5,6.545,6.544989999999998
2984.5,2.8,2.800000000000005
2984.5,3.5,3.5
2984.5,7.18,7.1864
2984.5,1.5,1.5
2985.0,2.7,2.699999999999995
2985.0,9.423,9.414949999999997
2985.0,2.2,2.1999999999999966
2985.0,3.448,3.4467399999999966
2985.0,1.9,1.9000000000000035
2985.5,6.296,6.296460000000001
2985.5,2.8,2.800000000000005
2985.5,-1.7369999999999999,-1.7203099999999978
2985.5,1.5,1.5
2985.5,2.3,2.300000000000004
2986.0,2.1,2.0999999999999965
2986.0,-2.8960000000000004,-2.8985999999999974
2986.0,1.993,1.9939499999999972
2986.0,0.9,0.9000000000000008
2986.0,2.8,2.8002800000000048
2986.5,3.8,3.799780000000007
2986.5,-2.215,-2.21085
2986.5,-0.483,-0.4845199999999993
2986.5,0.5,0.5
2986.5,1.4,1.4000000000000026
2987.0,0.7090000000000001,0.7055700000000013
2987.0,0.6,0.600000000000001
2987.0,0.898,0.8979600000000006
2987.0,0.8,0.7999999999999986
2987.0,3.9,3.899999999999995
2987.5,-0.46799999999999997,-0.47314000000000034
2987.5,-0.4,-0.39999999999999925
2987.5,-0.429,-0.4262199999999999
2987.5,1.5,1.5
2987.5,2.6,2.5999999999999965
2988.0,1.12,1.1220700000000003
2988.0,2.1,2.0999999999999965
2988.0,-0.616,-0.6101200000000001
2988.0,2.4,2.400000000000004
2988.0,-1.4,-1.3994000000000026
2988.5,1.335,1.3365499999999986
2988.5,1.9,1.9000000000000035
2988.5,-1.9,-1.9015400000000031
2988.5,1.022,1.0225700000000015
2988.5,2.3,2.300000000000004
2989.0,-2.8,-2.801840000000004
2989.0,2.365,2.3573100000000036
2989.0,2.3,2.300000000000004
2989.0,2.0,1.99999
2989.0,2.804,2.802640000000001
2989.5,1.6,1.5999999999999972
2989.5,2.8369999999999997,2.838069999999996
2989.5,2.5,2.5
2989.5,-3.2,-3.2009899999999942
2989.5,3.242,3.2362699999999993
2990.0,2.13,2.125159999999999
2990.0,-4.8,-4.794980000000006
2990.0,2.739,2.737599999999999
2990.0,2.6,2.5999999999999965
2990.0,2.4,2.400000000000004
2990.5,2.7,2.699999999999995
2990.5,1.696,1.6955999999999989
2990.5,3.0,3.0
2990.5,1.6669999999999998,1.6669000000000012
2990.5,-5.7,-5.669000000000002
2991.0,2.1,2.0999999999999965
2991.0,2.7460000000000004,2.743900000000001
2991.0,0.865,0.8678699999999995
2991.0,3.6,3.600000000000003
2991.0,-6.2,-6.2059999999999995
2991.5,-7.0,-7.0010400000000015
2991.5,2.4,2.400000000000004
2991.5,2.169,2.1645000000000003
2991.5,3.1,3.1000000000000005
2991.5,3.715,3.7106499999999953
2992.0,2.9,2.899940000000001
2992.0,-7.1,-7.1040000000000125
2992.0,2.1,2.0999999999999965
2992.0,6.086,6.091070000000009
2992.0,4.538,4.539630000000003
2992.5,2.0,1.99999
2992.5,-7.1,-7.1040000000000125
2992.5,2.7,2.699999999999995
2992.5,4.914,4.913259999999991
2992.5,6.257000000000001,6.253869999999998
2993.0,-6.2,-6.202000000000002
2993.0,3.895,3.896749999999996
2993.0,1.9,1.9000000000000035
2993.0,2.7,2.699999999999995
2993.0,7.445,7.431160000000006
2993.5,-4.9,-4.877869999999996
2993.5,2.4,2.400000000000004
2993.5,9.376,9.383739999999984
2993.5,1.46,1.458209999999999
2993.5,1.9,1.9000000000000035
2994.0,2.9,2.9004800000000004
2994.0,-5.3,-5.300540000000004
2994.0,9.334,9.325029999999986
2994.0,2.4,2.400000000000004
2994.0,0.24100000000000002,0.2415199999999998
2994.5,-0.878,-0.8792200000000001
2994.5,-5.0,-5.013709999999998
2994.5,2.6,2.5999999999999965
2994.5,3.1,3.1000000000000005
2994.5,8.292,8.296239999999997
2995.0,-0.494,-0.49597999999999987
2995.0,-5.1,-5.083850000000006
2995.0,3.1,3.1000000000000005
2995.0,5.381,5.385409999999995
2995.0,4.6,4.600000000000008
2995.5,-6.1,-6.109000000000009
2995.5,4.3,4.300000000000008
2995.5,3.818,3.8193200000000003
2995.5,0.257,0.2492600000000002
2995.5,3.2,3.1999999999999944
2996.0,1.975,1.974789999999998
2996.0,3.9,3.900049999999995
2996.0,2.117,2.116959999999998
2996.0,3.0,3.0
2996.0,-5.8,-5.8050000000000015
2996.5,1.5,1.5002199999999999
2996.5,1.619,1.61943
2996.5,3.6,3.603160000000003
2996.5,3.7,3.699999999999993
2996.5,-5.3,-5.310000000000005
2997.0,-4.2,-4.201219999999994
2997.0,1.4080000000000001,1.40614
2997.0,1.6740000000000002,1.6728400000000034
2997.0,3.9,3.9002999999999957
2997.0,4.3,4.300000000000008
2997.5,2.224,2.2244199999999967
2997.5,4.9,4.8999999999999915
2997.5,-3.7,-3.7013899999999937
2997.5,1.6740000000000002,1.6728400000000034
2997.5,4.5,4.49986
2998.0,-3.8,-3.794510000000005
2998.0,3.323,3.3193999999999977
2998.0,0.8859999999999999,0.8871499999999998
2998.0,5.1,5.099980000000008
2998.0,4.8,4.800000000000008
2998.5,5.7,5.700719999999998
2998.5,4.6,4.600000000000008
2998.5,0.40399999999999997,0.4025700000000003
2998.5,-3.4,-3.3873599999999984
2998.5,4.188,4.189479999999994
2999.0,0.10300000000000001,0.10207999999999988
2999.0,5.6,5.59952000000001
2999.0,4.7,4.699999999999992
2999.0,3.0380000000000003,3.0374200000000036
2999.0,-2.5,-2.50467
2999.5,2.094,2.0953999999999975
2999.5,-0.1,-0.09964999999999982
2999.5,4.8,4.799950000000008
2999.5,0.657,0.6571399999999992
2999.5,5.2,5.199999999999993
3000.0,3.0,3.0
3000.0,0.772,0.77227
3000.0,4.6,4.599860000000008
3000.0,5.2,5.199999999999993
3000.0,1.651,1.6524100000000004
3000.5,4.6,4.599860000000008
3000.5,0.79,0.7917200000000006
3000.5,-0.9229999999999999,-0.9148900000000006
3000.5,4.4,4.399809999999993
3000.5,6.9,6.8983399999999895
3001.0,1.0959999999999999,1.0975499999999996
3001.0,4.9,4.8999999999999915
3001.0,-9.69,-9.709100000000014
3001.0,8.5,8.50245
3001.0,4.3,4.300000000000008
3001.5,4.2,4.199999999999993
3001.5,-9.88,-9.879599999999993
3001.5,9.9,9.899999999999984
3001.5,2.656,2.657420000000002
3001.5,4.2,4.201829999999994
3002.0,-7.337000000000001,-7.322529999999993
3002.0,10.3,10.295999999999983
3002.0,0.3,0.29957000000000045
3002.0,4.468,4.467170000000005
3002.0,4.9,4.8999999999999915
3002.5,10.0,10.0
3002.5,5.942,5.942010000000003
3002.5,-0.2,-0.19935999999999962
3002.5,5.6,5.60000000000001
3002.5,2.6710000000000003,2.6751899999999993
3003.0,2.5,2.50028
3003.0,5.8,5.800000000000001
3003.0,5.154,5.149699999999993
3003.0,9.3,9.299999999999985
3003.0,6.728,6.725549999999995
3003.5,6.2,6.200060000000002
3003.5,6.9,6.900379999999988
3003.5,2.318,2.3233500000000027
3003.5,8.4,8.399999999999984
3003.5,4.109,4.1097999999999955
3004.0,10.4,10.398999999999985
3004.0,-8.228,-8.23339999999999
3004.0,7.6,7.600000000000014
3004.0,8.4,8.399999999999984
3004.0,2.51,2.5104299999999964
3004.5,-16.331,-16.373669999999983
3004.5,7.3,7.299959999999992
3004.5,13.5,13.501
3004.5,7.7,7.70000000000001
3004.5,1.815,1.8162899999999995
3005.0,14.3,14.299999999999978
3005.0,-18.252,-18.25879999999998
3005.0,1.351,1.3508499999999999
3005.0,4.0,4.00063
3005.0,7.6,7.600000000000014
3005.5,7.8,7.79999999999999
3005.5,1.3030000000000002,1.3000599999999987
3005.5,5.584,5.581740000000001
3005.5,13.7,13.704000000000024
3005.5,-0.4,-0.3998799999999993
3006.0,-1.3730000000000002,-1.3851500000000017
3006.0,7.8,7.79999999999999
3006.0,13.2,13.199000000000023
3006.0,2.035,2.0355999999999983
3006.0,-2.2,-2.194279999999997
3006.5,11.8,11.79999999999998
3006.5,-9.77,-9.785589999999988
3006.5,7.6,7.600000000000014
3006.5,-1.6,-1.596499999999997
3006.5,2.762,2.75422
3007.0,-10.539000000000001,-10.557739999999997
3007.0,-1.6,-1.596499999999997
3007.0,11.5,11.5
3007.0,2.51,2.5103899999999966
3007.0,7.2,7.200000000000006
3007.5,1.906,1.906040000000003
3007.5,-0.4,-0.4000199999999993
3007.5,7.1,7.100000000000012
3007.5,-3.23,-3.2146599999999994
3007.5,10.5,10.505
3008.0,1.906,1.906040000000003
3008.0,7.4,7.399759999999987
3008.0,2.505,2.506299999999997
3008.0,10.4,10.398999999999985
3008.0,1.6,1.6001899999999971
3008.5,10.7,10.697000000000019
3008.5,7.7,7.70000000000001
3008.5,1.3130000000000002,1.3114800000000009
3008.5,1.34,1.3380900000000013
3009.0,7.2,7.200000000000006
3009.0,10.6,10.601000000000013
3009.0,1.41,1.4086399999999986
3009.0,0.9329999999999999,0.9304600000000012
3009.5,0.99,0.9892899999999986
3009.5,10.6,10.601000000000013
3009.5,7.1,7.100000000000012
3009.5,1.364,1.3649600000000015
3009.5,0.99,0.9892899999999986
3010.0,10.8,10.79899999999998
3010.0,0.981,0.9797499999999988
3010.0,6.8,6.7999999999999945
3010.0,1.105,1.1053800000000003
3010.0,1.105,1.1053800000000003
3010.5,12.4,12.394
3010.5,0.9159999999999999,0.9160899999999981
3010.5,0.9159999999999999,0.9160899999999981
3010.5,7.1,7.100000000000012
3010.5,0.99,0.9897899999999987
3011.0,12.6,12.598999999999997
3011.0,0.7929999999999999,0.7928500000000008
3011.0,0.7929999999999999,0.7928500000000008
3011.0,0.655,0.6555300000000007
3011.0,7.1,7.100000000000012
3011.5,8.0,8.0
3011.5,14.4,14.371000000000008
3011.5,0.49200000000000005,0.4920199999999994
3011.5,-0.09300000000000001,-0.09502999999999995
3011.5,0.49200000000000005,0.4920199999999994
3012.0,8.1,8.100000000000014
3012.0,-0.022000000000000002,-0.021400000000000002
3012.0,14.2,14.203000000000022
3012.0,-0.871,-0.8734999999999994
3012.0,-0.022000000000000002,-0.021400000000000002
3012.5,0.179,0.1789499999999999
3012.5,-1.111,-1.1107600000000009
3012.5,12.5,12.497
3012.5,8.2,8.200000000000012
3012.5,-1.111,-1.1107600000000009
3013.0,3.99,3.987240000000004
3013.0,-1.42,-1.4154000000000004
3013.0,8.0,8.0
3013.0,9.8,9.799999999999983
3013.0,-1.42,-1.4154000000000004
3013.5,-1.263,-1.2614900000000016
3013.5,8.549,8.533319999999991
3013.5,9.5,9.5
3013.5,8.9,8.899569999999985
3013.5,-1.263,-1.2614900000000016
3014.0,-0.57,-0.5720400000000003
3014.0,9.149,9.126950000000006
3014.0,-0.57,-0.5720400000000003
3014.0,8.8,8.799999999999985
3014.0,10.0,10.0
3014.5,0.10800000000000001,0.10530999999999996
3014.5,5.5520000000000005,5.5539500000000075
3014.5,11.0,11.0
3014.5,10.6,10.602000000000011
3015.0,3.698,3.6989999999999936
3015.0,8.6,8.600000000000016
3015.0,9.4,9.401379999999985
3015.0,1.744,1.74676
3015.5,7.8,7.7998499999999895
3015.5,9.1,9.100000000000016
3015.5,4.265,4.264569999999995
3015.5,3.835,3.837849999999997
3016.0,6.6,6.600260000000012
3016.0,6.1770000000000005,6.169330000000007
3016.0,5.89,5.889519999999993
3016.0,9.9,9.899999999999984
3016.5,7.4,7.399759999999987
3016.5,10.4,10.398999999999985
3016.5,6.374,6.375850000000007
3016.5,6.5329999999999995,6.533090000000008
3017.0,5.916,5.915620000000006
3017.0,7.422000000000001,7.414060000000006
3017.0,8.0,8.0
3017.0,6.4,6.399999999999988
3017.5,5.8,5.800000000000001
3017.5,4.3,4.300000000000008
3017.5,6.891,6.892999999999996
3017.5,5.712000000000001,5.708429999999992
3018.0,1.2,1.200000000000002
3018.0,1.2,1.200000000000002
3018.0,8.294,8.295159999999989
3018.0,5.443,5.442439999999998
3018.0,6.1,6.100000000000011
3018.5,6.5,6.5
3018.5,0.3,0.2999400000000005
3018.5,3.5860000000000003,3.5837600000000047
3018.5,0.3,0.2999400000000005
3018.5,7.729,7.718140000000009
3019.0,1.204,1.202399999999999
3019.0,6.3,6.299999999999998
3019.0,0.5,0.49964
3019.0,0.5,0.49964
3019.0,7.8260000000000005,7.815190000000005
3019.5,1.7,1.6999999999999986
3019.5,5.943,5.942249999999998
3019.5,1.7,1.6999999999999986
3019.5,0.16,0.16146000000000016
3019.5,9.9,9.899999999999984
3020.0,1.9,1.9000000000000035
3020.0,9.5,9.5
3020.0,5.733,5.733819999999998
3020.0,1.9,1.9000000000000035
3020.0,1.229,1.2313399999999999
3020.5,1.6,1.5995799999999971
3020.5,5.627999999999999,5.630299999999998
3020.5,10.3,10.295999999999983
3020.5,1.6,1.5995799999999971
3020.5,3.054,3.050099999999997
3021.0,14.1,14.098999999999984
3021.0,6.157,6.156439999999999
3021.0,3.3960000000000004,3.3969599999999995
3021.0,0.9,0.9000000000000008
3021.0,0.9,0.9000000000000008
3021.5,2.0,2.0
3021.5,2.0,2.0
3021.5,3.7969999999999997,3.798310000000007
3021.5,6.614,6.61292
3021.5,8.9,8.899569999999985
3022.0,7.712999999999999,7.707670000000005
3022.0,2.0,2.0
3022.0,8.5,8.5
3022.0,3.3139999999999996,3.31248
3022.0,2.0,2.0
3022.5,2.7,2.699999999999995
3022.5,3.947,3.94873
3022.5,4.9,4.8999999999999915
3022.5,2.7,2.699999999999995
3022.5,7.04,7.0349499999999985
3023.0,4.261,4.263660000000002
3023.0,6.162000000000001,6.1609799999999995
3023.0,2.5,2.5
3023.0,-1.4,-1.4002000000000026
3023.0,2.5,2.5
3023.5,1.4,1.4000000000000026
3023.5,4.795,4.796800000000007
3023.5,1.4,1.4000000000000026
3023.5,3.445,3.443359999999996
3023.5,0.8,0.7999999999999986
3024.0,1.6,1.5995799999999971
3024.0,3.398,3.3985400000000023
3024.0,4.761,4.758390000000003
3024.0,2.4,2.399300000000004
3024.5,4.461,4.462710000000004
3024.5,3.7739999999999996,3.7744700000000013
3024.5,2.1,2.0999999999999965
3024.5,0.6,0.6014400000000009
3025.0,4.4110000000000005,4.407589999999999
3025.0,3.915,3.915620000000004
3025.0,0.4,0.40038999999999947
3025.0,1.9,1.8999100000000033
3025.5,2.883,2.8826500000000017
3025.5,0.2,0.19993999999999965
3025.5,4.974,4.978759999999997
3025.5,1.5,1.5
3026.0,2.114,2.1156300000000012
3026.0,-0.1,-0.10071999999999981
3026.0,6.129,6.129310000000007
3026.0,1.5,1.5
3026.5,6.155,6.154799999999991
3026.5,-0.804,-0.8022900000000003
3026.5,0.7,0.7000900000000013
3026.5,2.0,2.0
3027.0,2.5,2.5
3027.0,5.999,5.999390000000005
3027.0,-3.342,-3.3380100000000006
3027.0,3.3,3.299710000000006
3027.5,5.2,5.199999999999993
3027.5,5.8839999999999995,5.886699999999999
3027.5,-3.342,-3.3380100000000006
3027.5,2.5,2.5
3028.0,6.392,6.39496
3028.0,6.1,6.100000000000011
3028.0,-7.159,-7.16545
3028.0,1.6,1.5999999999999972
3028.5,6.0,6.0
3028.5,5.941,5.940839999999997
3028.5,-8.424,-8.431039999999989
3029.0,4.5,4.49986
3029.0,7.357,7.372359999999999
3029.0,-4.656000000000001,-4.620650000000005
3029.5,6.8420000000000005,6.840899999999992
3029.5,0.38799999999999996,0.3913200000000003
3029.5,3.5,3.5
3030.0,2.7,2.699999999999995
3030.0,6.555,6.5530599999999986
3030.0,1.2109999999999999,1.2111299999999996
3030.5,0.838,0.8380299999999994
3030.5,2.2,2.1999999999999966
3030.5,3.7880000000000003,3.7924800000000065
3031.0,1.891,1.8944200000000007
3031.0,6.042999999999999,6.040710000000001
3031.0,2.7,2.699999999999995
3031.5,1.7280000000000002,1.7276700000000007
3031.5,1.0,1.00012
3031.5,5.83,5.829400000000001
3032.0,6.517,6.516960000000007
3032.0,0.2,0.20035999999999965
3032.0,0.987,0.9877499999999985
3032.5,-0.3,-0.2993900000000005
3032.5,0.251,0.2454600000000003
3032.5,2.971,2.9695800000000023
3033.0,0.1,0.09985999999999981
3033.0,2.5780000000000003,2.5794400000000017
3033.0,0.09,0.08977999999999996
3033.5,1.4,1.4000000000000026
3033.5,1.403,1.4018300000000021
3033.5,2.719,2.7192499999999984
3034.0,2.443,2.4444100000000026
3034.0,2.6,2.5999999999999965
3034.0,0.948,0.9448899999999989
3034.5,-0.063,-0.06184999999999997
3034.5,2.948,2.9491799999999997
3034.5,1.9,1.9000000000000035
3035.0,0.3,0.30044000000000043
3035.0,1.993,1.9937699999999972
3035.0,0.336,0.3329599999999995
3035.5,-1.0,-1.00084
3035.5,3.033,3.0333699999999983
3035.5,0.8420000000000001,0.8411099999999991
3036.0,-1.0,-1.00084
3036.0,2.843,2.8428899999999975
3036.0,1.4369999999999998,1.4368699999999996
3036.5,3.072,3.07322
3036.5,0.4,0.39999999999999936
3036.5,1.16,1.1591599999999989
3037.0,1.5,1.50034
3037.0,2.3480000000000003,2.344040000000004
3037.0,3.549,3.549529999999999
3037.5,4.6160000000000005,4.616819999999999
3037.5,2.4,2.399300000000004
3037.5,3.005,3.002949999999998
3038.0,3.034,3.034579999999998
3038.0,4.885,4.888239999999993
3038.0,2.1,2.0999999999999965
3038.5,3.5810000000000004,3.578610000000002
3038.5,1.5,1.50034
3038.5,2.897,2.8981699999999977
3039.0,2.844,2.8437599999999956
3039.0,1.0,1.00013
3039.0,3.8489999999999998,3.8502199999999975
3039.5,0.3,0.30044000000000043
3039.5,2.7230000000000003,2.721390000000005
3039.5,5.3389999999999995,5.335970000000003
3040.0,3.213,3.21406
3040.0,5.763999999999999,5.760370000000006
3040.0,1.3,1.3003499999999983
3040.5,5.242999999999999,5.239499999999997
3040.5,1.6,1.5999999999999972
3040.5,2.7960000000000003,2.795619999999999
3041.0,2.0,1.99999
3041.0,2.46,2.4587200000000013
3041.0,3.199,3.199250000000003
3041.5,1.314,1.3135999999999988
3041.5,3.565,3.5666399999999987
3041.5,3.1,3.1000000000000005
3042.0,0.809,0.8082199999999987
3042.0,3.887,3.8911399999999987
3042.0,3.4,3.3996499999999976
3042.5,-1.003,-1.0018900000000002
3042.5,1.9240000000000002,1.9249000000000018
3042.5,4.1,4.100000000000006
3043.0,2.275,2.278390000000002
3043.0,3.9,3.899999999999995
3043.5,1.239,1.2394900000000009
3043.5,2.9,2.9000000000000004
3044.0,3.0,3.0
3044.0,-8.496,-8.48103999999999
3044.0,-0.242,-0.24317000000000047
3044.5,4.2,4.199999999999993
3044.5,-0.591,-0.5939800000000007
3044.5,-1.453,-1.4463200000000014
3045.0,-0.182,-0.1902799999999998
3045.0,6.3,6.299489999999999
3045.0,0.486,0.48541999999999946
3045.5,6.6,6.600000000000012
3045.5,0.16899999999999998,0.16652000000000014
3045.5,-0.126,-0.12863999999999984
3046.0,4.3,4.300000000000008
3046.0,-0.711,-0.7080899999999994
3046.0,0.217,0.21982999999999986
3046.5,-0.8490000000000001,-0.8496699999999994
3046.5,0.11699999999999999,0.11864000000000004
3046.5,2.4,2.3999600000000036
3047.0,0.069,0.07517000000000001
3047.0,1.4,1.4000000000000026
3047.0,-1.205,-1.20254
3047.5,0.28800000000000003,0.29124000000000033
3047.5,-0.29100000000000004,-0.2928400000000004
3047.5,-0.4,-0.3998799999999993
3048.0,-1.2,-1.2004200000000018
3048.0,0.516,0.5176899999999991
3048.0,0.877,0.8781999999999996
3048.5,-0.4,-0.39978999999999926
3048.5,1.186,1.1894100000000005
3048.5,2.296,2.2975600000000003
3049.0,2.279,2.280149999999999
3049.0,2.231,2.2294999999999963
3049.0,-0.8,-0.8017899999999988
3049.5,1.9480000000000002,1.9450700000000003
3049.5,2.612,2.6095099999999984
3049.5,0.4,0.40024999999999933
3050.0,2.926,2.926979999999997
3050.0,4.1,4.100630000000004
3050.0,3.529,3.5314599999999974
3050.5,5.6,5.59952000000001
3050.5,5.685,5.688669999999998
3050.5,3.614,3.6146999999999965
3051.0,6.364,6.368080000000003
3051.0,4.063,4.075719999999997
3051.0,6.1,6.0996900000000105
3051.5,6.6,6.599070000000012
3051.5,3.1860000000000004,3.18956
3052.0,7.5,7.502820000000002
3052.0,2.053,2.0496199999999996
3052.5,7.3,7.299999999999992
3052.5,1.712,1.7159799999999992
3053.0,1.956,1.9558699999999982
3053.0,8.5,8.5
3053.5,2.635,2.634169999999999
3053.5,9.5,9.49923
3054.0,9.5,9.49923
3054.0,3.205,3.20418
3054.0,1.365,1.3650099999999992
3054.5,1.659,1.6609400000000003
3054.5,3.5039999999999996,3.5029099999999995
3054.5,6.8,6.800229999999995
3055.0,4.629,4.629840000000005
3055.0,3.195,3.194759999999997
3055.0,4.0,4.00063
3055.5,1.9,1.9000000000000035
3055.5,2.845,2.84403
3055.5,5.922999999999999,5.9216700000000015
3056.0,0.7,0.7000000000000013
3056.0,2.713,2.7146799999999995
3056.0,6.6129999999999995,6.6126300000000064
3056.5,2.3,2.300000000000004
3056.5,2.6889999999999996,2.6872499999999993
3056.5,6.039,6.0408999999999935
3057.0,2.528,2.521849999999998
3057.0,6.381,6.3790199999999935
3057.0,3.2,3.199999999999994
3057.5,6.061,6.056190000000002
3057.5,2.023,2.02444
3058.0,6.206,6.203840000000005
3058.0,2.249,2.247579999999998
3058.5,2.249,2.2478299999999978
3058.5,5.099,5.099369999999998
3059.0,3.6919999999999997,3.69507
3059.0,2.12,2.119560000000002
3059.5,3.2760000000000002,3.2816200000000033
3059.5,1.909,1.90749
3060.0,2.716,2.7171900000000018
3060.0,1.109,1.107179999999999
3060.5,2.02,2.0210000000000012
3060.5,1.534,1.538310000000001
3061.0,2.241,2.2426400000000033
3061.5,3.68,3.6821800000000047
3061.5,3.68,3.6821800000000047
3062.0,4.463,4.463600000000007
3062.0,4.463,4.463600000000007
3062.5,4.29,4.2903700000000065
3062.5,4.29,4.2903700000000065
3063.0,3.075,3.0756099999999953
3063.0,3.075,3.0756099999999953
3063.5,1.8459999999999999,1.8446900000000013
3063.5,1.8459999999999999,1.8446900000000013
3064.0,0.672,0.6717299999999988
3064.0,0.672,0.6717299999999988
3064.5,0.292,0.29223000000000054
3064.5,0.292,0.29223000000000054
3065.0,0.828,0.8281600000000015
3065.0,0.828,0.8281600000000015
3065.5,1.594,1.5955199999999972
3065.5,1.594,1.5955199999999972
3066.0,1.921,1.9220399999999995
3066.0,1.921,1.9220399999999995
3066.5,1.4980000000000002,1.49801
3066.5,1.4980000000000002,1.49801
3067.0,1.629,1.6290799999999992
3067.0,1.629,1.6290799999999992
3067.5,2.7060000000000004,2.7054699999999974
3067.5,2.7060000000000004,2.7054699999999974
3068.0,3.576,3.576580000000003
3068.0,3.576,3.576580000000003
3068.5,3.3080000000000003,3.3086299999999973
3068.5,3.3080000000000003,3.3086299999999973
3069.0,3.2239999999999998,3.2241099999999943
3069.0,3.2239999999999998,3.2241099999999943
3069.5,2.679,2.68052
3069.5,2.679,2.68052
3070.0,2.082,2.081329999999996
3070.0,2.082,2.081329999999996
3070.5,1.348,1.34799
3070.5,1.348,1.34799
3071.0,1.723,1.7241000000000022
3071.0,1.723,1.7241000000000022
3071.5,2.001,2.0008600000000025
3071.5,2.001,2.0008600000000025
3072.0,1.666,1.6662699999999984
3072.0,1.666,1.6662699999999984
3072.5,1.033,1.0316400000000008
3072.5,1.033,1.0316400000000008
3073.0,0.945,0.945489999999998
3073.0,0.945,0.945489999999998
3073.5,0.659,0.6589599999999995
3073.5,0.659,0.6589599999999995
3074.0,0.74,0.7398199999999998
3074.0,0.74,0.7398199999999998
3074.5,0.122,0.12118999999999992
3074.5,0.122,0.12118999999999992
3075.0,0.39799999999999996,0.39820000000000033
3075.0,0.39799999999999996,0.39820000000000033
3075.5,1.393,1.3935200000000005
3075.5,1.393,1.3935200000000005
3076.0,2.044,2.043790000000002
3076.0,2.044,2.043790000000002
3076.5,1.426,1.42742
3076.5,1.426,1.42742
3077.0,0.18100000000000002,0.1797999999999998
3077.0,0.18100000000000002,0.1797999999999998
3077.5,-0.061,-0.06232999999999996
3077.5,-0.061,-0.06232999999999996
3078.0,0.243,0.24279999999999965
3078.0,0.243,0.24279999999999965
3078.5,1.28,1.281310000000001
3078.5,1.28,1.281310000000001
3079.0,3.48,3.4798500000000017
3079.0,3.48,3.4798500000000017
3079.5,4.614,4.613499999999993
3079.5,4.614,4.613499999999993
3080.0,0.243,0.24279999999999965
3080.0,0.243,0.24279999999999965
3080.5,1.28,1.281310000000001
3081.0,3.48,3.4798500000000017
3081.5,4.614,4.613499999999993
3082.0,4.225,4.222320000000003
3082.5,4.381,4.381569999999994
3083.0,5.122999999999999,5.126489999999993
3083.5,6.249,6.249810000000012
3084.0,6.249,6.249810000000012
3084.5,7.296,7.297120000000004
3085.0,7.562,7.564060000000011
3085.5,7.388,7.394029999999999
3086.0,5.83,5.8295
3086.5,4.46,4.461689999999999
3087.0,2.024,2.02429
3087.5,-4.122,-4.111860000000006
3088.0,-6.8,-6.805719999999999
3088.5,-6.867999999999999,-6.872880000000005
3089.0,-2.572,-2.5686400000000003
3089.5,2.082,2.0808299999999966
3090.0,2.334,2.3344200000000024
3090.5,3.2230000000000003,3.222680000000005
3091.0,3.429,3.432039999999995
3091.5,2.625,2.6245000000000003
3092.0,2.915,2.914239999999998
3092.5,3.9019999999999997,3.9012599999999935
3093.0,4.708,4.7056800000000045
3093.5,3.409,3.407019999999999
3094.0,-0.391,-0.3921199999999997
3094.5,-4.575,-4.589889999999996
3095.0,-4.527,-4.539299999999993
3095.5,6.794,6.796219999999992
3096.0,6.874,6.8752500000000065
3096.5,7.047000000000001,7.046520000000011
3097.0,4.635,4.632419999999997
3097.5,4.0889999999999995,4.092850000000002
3098.0,4.598,4.598780000000008
3098.5,-2.975,-2.9814200000000004
3099.0,-1.253,-1.2558500000000001
3099.5,2.481,2.4780199999999986
3100.0,6.147,6.1495000000000015
3100.5,-0.7490000000000001,-0.7371500000000001
3101.0,-10.074,-10.094799999999989
3101.5,-21.831999999999997,-20.820400000000028
3102.0,-15.014000000000001,-15.033539999999991
3102.5,-5.4270000000000005,-5.419200000000002
3103.0,-1.9569999999999999,-1.9774899999999973
3103.5,-1.133,-1.1258599999999992
3104.0,0.22699999999999998,0.22622000000000017
3104.0,0.22699999999999998,0.22622000000000017
3104.5,1.905,1.9050400000000007
3104.5,1.905,1.9050400000000007
3105.0,3.264,3.2712100000000044
3105.5,3.449,3.448240000000003
3106.0,3.075,3.0758099999999953
3106.5,2.7030000000000003,2.70288
3107.0,1.9280000000000002,1.927599999999999
3107.5,1.9769999999999999,1.9765900000000005
3108.0,1.5519999999999998,1.5513800000000006
3108.5,1.3419999999999999,1.3418199999999996
3109.0,0.6809999999999999,0.6825099999999991
3109.5,0.96,0.9618199999999985
3110.0,1.4480000000000002,1.444919999999999
3110.5,2.736,2.7365699999999977
3111.0,3.092,3.094960000000003
3111.5,3.0180000000000002,3.0173699999999974
3112.0,2.245,2.243780000000003
3112.5,1.193,1.1907999999999987
3113.0,0.662,0.6602499999999999
3113.5,0.377,0.38276000000000016
3114.0,0.615,0.6120100000000004
3114.5,0.672,0.672319999999999
3115.0,0.648,0.6508200000000011
3115.5,1.025,1.0242800000000016
3116.0,0.659,0.6583899999999997
3116.5,1.165,1.1633700000000013
3117.0,1.8719999999999999,1.8625800000000015
3117.5,3.76,3.7657299999999982
3118.0,4.296,4.2958799999999995
3118.5,3.863,3.8624899999999998
3119.0,2.225,2.2259399999999965
3119.5,1.64,1.6382199999999978
3120.0,1.494,1.4953800000000004
3120.5,1.828,1.8293800000000002
3121.0,2.241,2.2419600000000037
3121.5,2.925,2.9275800000000016
3122.0,3.083,3.081040000000001
3122.5,2.609,2.6085800000000012
