Depth,Facies_real,Facies_pre
2573.5,2,2.97
2574.0,2,2.05
2574.5,2,2.3
2575.0,2,2.29
2575.5,2,2.21
2576.0,2,2.14
2576.5,2,2.09
2577.0,2,2.0
2577.5,2,2.01
2578.0,2,2.01
2578.5,2,2.0
2579.0,2,2.07
2579.5,2,2.06
2580.0,2,2.05
2580.5,2,2.02
2581.0,2,2.14
2581.5,2,2.13
2582.0,2,2.12
2582.5,2,2.17
2583.0,2,2.06
2583.5,2,2.01
2584.0,2,2.08
2584.5,2,2.16
2585.0,1,1.46
2585.5,1,1.19
2586.0,1,1.21
2586.5,1,1.12
2587.0,1,1.0
2587.5,1,1.0
2588.0,1,1.0
2588.5,1,1.02
2589.0,1,1.0
2589.5,1,1.06
2590.0,1,1.0
2590.5,1,1.0
2591.0,1,1.04
2591.5,1,1.03
2592.0,1,1.0
2592.5,1,1.02
2593.0,1,1.08
2593.5,1,1.01
2594.0,1,1.02
2594.5,1,1.02
2595.0,1,1.02
2595.5,1,1.01
2596.0,1,1.0
2596.5,1,1.32
2597.0,1,1.01
2597.5,1,1.08
2598.0,2,1.67
2598.5,2,1.73
2599.0,2,1.79
2599.5,2,1.9
2600.0,2,1.88
2600.5,1,1.29
2601.0,1,1.39
2601.5,1,1.17
2602.0,1,1.02
2602.5,1,1.0
2603.0,1,1.03
2603.5,1,1.14
2604.0,2,1.85
2604.5,2,2.03
2605.0,3,2.46
2605.5,2,2.06
2606.0,2,2.02
2606.5,2,2.28
2607.0,2,2.08
2607.5,2,2.21
2608.0,2,2.15
2608.5,8,6.04
2609.0,8,6.4
2609.5,8,7.21
2610.0,8,7.31
2610.5,8,7.27
2610.5,3,3.1
2611.0,3,3.16
2611.0,8,6.99
2611.5,8,6.69
2611.5,3,3.0
2612.0,8,7.08
2612.0,3,3.15
2612.5,4,4.67
2612.5,3,2.9
2613.0,4,4.2
2613.0,3,2.76
2613.5,2,2.15
2613.5,4,4.14
2614.0,2,2.09
2614.0,4,4.17
2614.5,4,4.3
2614.5,2,2.53
2615.0,4,4.38
2615.0,2,2.09
2615.5,2,2.03
2615.5,6,5.6
2616.0,6,5.74
2616.0,2,2.18
2616.5,4,4.29
2616.5,2,2.03
2617.0,6,6.0
2617.0,2,2.39
2617.5,6,6.25
2617.5,2,2.06
2618.0,2,2.3
2618.0,8,7.53
2618.5,2,2.19
2618.5,8,7.66
2619.0,8,7.42
2619.0,2,2.04
2619.5,6,6.17
2619.5,2,2.04
2620.0,6,6.1
2620.0,3,2.76
2620.5,3,2.77
2620.5,6,5.96
2621.0,3,2.7
2621.0,6,6.0
2621.5,6,6.1
2621.5,3,2.67
2622.0,2,2.25
2622.0,5,5.49
2622.5,2,2.2
2622.5,5,5.26
2623.0,2,1.97
2623.0,5,5.12
2623.5,5,5.2
2623.5,2,2.2
2624.0,5,5.18
2624.0,2,2.05
2624.5,2,2.13
2624.5,6,5.9
2625.0,8,7.28
2625.0,2,2.26
2625.5,8,7.47
2625.5,2,2.17
2626.0,2,2.0
2626.0,8,7.71
2626.5,2,2.05
2626.5,8,7.69
2627.0,6,6.2
2627.0,2,1.79
2627.5,2,1.9
2627.5,6,5.99
2628.0,2,1.8
2628.0,5,5.52
2628.5,2,1.9
2628.5,6,5.98
2629.0,2,2.07
2629.0,6,6.1
2629.5,6,6.27
2629.5,2,1.98
2630.0,6,5.8
2630.0,2,2.11
2630.5,6,5.81
2630.5,2,2.02
2631.0,3,2.85
2631.0,2,2.03
2631.5,2,2.05
2632.0,2,2.04
2632.5,3,3.32
2632.5,2,2.07
2633.0,2,2.33
2633.0,2,2.02
2633.5,2,2.19
2633.5,2,2.16
2634.0,2,2.32
2634.0,3,2.7
2634.5,2,2.12
2634.5,2,2.09
2635.0,2,2.01
2635.0,2,2.16
2635.5,2,2.1
2635.5,2,2.42
2636.0,2,2.37
2636.0,2,2.09
2636.5,2,2.47
2636.5,2,3.71
2637.0,2,2.86
2637.0,8,6.9
2637.5,2,2.82
2637.5,8,7.54
2638.0,8,7.79
2638.0,2,3.18
2638.5,2,3.03
2638.5,8,8.0
2639.0,8,7.87
2639.0,2,2.79
2639.5,8,7.9
2639.5,2,2.53
2640.0,8,7.8
2640.0,2,2.54
2640.5,8,7.54
2640.5,2,2.41
2641.0,2,2.67
2641.0,8,7.64
2641.5,2,2.26
2641.5,8,6.44
2642.0,2,2.2
2642.0,6,5.7
2642.5,6,5.7
2642.5,2,2.13
2643.0,6,5.84
2643.0,2,2.08
2643.5,2,2.08
2643.5,6,5.12
2644.0,2,2.19
2644.0,6,4.79
2644.5,3,2.83
2644.5,6,5.28
2645.0,6,5.17
2645.0,3,2.85
2645.5,1,1.37
2645.5,6,6.16
2646.0,1,1.67
2646.0,6,6.38
2646.5,1,1.58
2646.5,6,6.09
2647.0,1,2.38
2647.0,6,5.37
2647.5,1,1.61
2647.5,6,5.56
2648.0,1,1.35
2648.0,4,3.99
2648.5,4,4.04
2648.5,1,1.11
2649.0,4,4.02
2649.0,1,1.57
2649.5,4,3.97
2649.5,1,1.41
2650.0,4,4.23
2650.0,1,1.5
2650.5,4,4.53
2650.5,1,1.01
2651.0,8,7.17
2651.0,1,1.0
2651.5,8,7.68
2651.5,1,1.0
2652.0,8,7.72
2652.0,1,1.0
2652.5,1,1.01
2652.5,8,7.15
2653.0,1,1.01
2653.0,8,7.13
2653.5,4,4.1
2653.5,1,1.0
2654.0,1,1.0
2654.0,4,4.02
2654.5,1,1.0
2654.5,4,4.0
2655.0,1,1.0
2655.0,4,3.98
2655.5,4,3.98
2655.5,1,1.04
2656.0,4,4.06
2656.0,1,1.0
2656.5,4,4.03
2656.5,1,1.0
2657.0,4,4.0
2657.0,1,1.0
2657.5,1,1.03
2657.5,4,3.98
2658.0,1,1.19
2658.0,4,3.98
2658.5,1,1.25
2658.5,4,3.93
2659.0,1,1.47
2659.0,4,3.94
2659.5,2,2.22
2659.5,4,4.02
2660.0,4,3.28
2660.0,4,4.04
2660.5,2,2.11
2660.5,4,4.43
2661.0,6,5.86
2661.0,2,2.22
2661.5,2,2.03
2661.5,6,5.98
2662.0,6,6.03
2662.0,2,2.03
2662.5,2,2.3
2662.5,4,4.78
2663.0,4,3.82
2663.0,2,2.27
2663.5,3,2.88
2663.5,4,4.04
2664.0,4,3.93
2664.0,4,4.01
2664.5,4,4.0
2664.5,5,4.58
2665.0,6,4.97
2665.0,4,4.0
2665.5,4,3.88
2665.5,6,4.54
2666.0,4,3.88
2666.0,6,5.49
2666.5,6,5.29
2666.5,6,6.23
2667.0,6,5.02
2667.0,6,6.3
2667.5,6,4.93
2667.5,6,6.4
2668.0,8,7.3
2668.0,6,5.72
2668.5,8,7.66
2668.5,8,7.53
2669.0,8,7.5
2669.0,8,7.27
2669.5,8,7.53
2669.5,8,7.64
2670.0,8,6.52
2670.5,3,3.11
2671.0,1,1.66
2671.0,3,2.75
2671.5,3,2.91
2672.0,1,2.04
2672.0,3,2.88
2672.5,3,2.95
2672.5,1,1.75
2673.0,1,1.32
2673.0,3,2.97
2673.5,1,1.26
2673.5,3,3.0
2674.0,3,2.98
2674.0,1,1.23
2674.5,3,2.95
2674.5,1,1.25
2675.0,3,2.85
2675.0,1,1.24
2675.5,2,2.2
2675.5,2,2.14
2676.0,2,1.98
2676.0,2,1.93
2676.5,2,1.96
2676.5,2,1.97
2677.0,2,2.09
2677.0,2,2.21
2677.5,2,2.44
2677.5,2,2.09
2678.0,2,2.01
2678.0,2,2.18
2678.5,2,2.19
2678.5,2,2.0
2679.0,2,2.27
2679.0,2,2.03
2679.5,2,1.9
2679.5,2,2.78
2680.0,2,2.13
2680.0,2,1.94
2680.5,2,1.97
2680.5,2,2.38
2681.0,2,2.02
2681.0,2,2.38
2681.5,2,1.99
2681.5,2,2.48
2682.0,2,2.04
2682.0,1,1.95
2682.5,1,2.28
2682.5,2,2.0
2683.0,1,1.8
2683.0,2,1.99
2683.5,2,1.92
2683.5,1,1.71
2684.0,2,1.96
2684.0,1,1.68
2684.5,2,2.0
2684.5,1,1.31
2685.0,2,2.04
2685.0,1,1.08
2685.5,1,1.26
2685.5,2,2.04
2686.0,2,2.05
2686.0,3,2.85
2686.5,3,2.84
2686.5,2,2.01
2687.0,2,2.12
2687.0,3,2.87
2687.5,2,2.29
2687.5,3,2.72
2688.0,2,2.42
2688.0,3,2.96
2688.5,3,2.73
2688.5,5,4.38
2689.0,5,5.26
2689.0,3,2.76
2689.5,5,4.71
2689.5,3,2.88
2690.0,8,6.99
2690.0,5,4.67
2690.5,1,1.7
2690.5,8,7.62
2691.0,1,1.2
2691.0,8,7.7
2691.5,1,1.26
2691.5,6,6.5
2692.0,2,2.0
2692.0,6,5.97
2692.5,6,6.06
2692.5,1,1.24
2693.0,6,6.06
2693.0,1,1.28
2693.5,1,1.17
2693.5,6,6.55
2694.0,8,7.65
2694.0,1,1.46
2694.5,1,1.9
2694.5,8,7.79
2695.0,6,6.18
2695.0,4,3.74
2695.5,6,6.13
2695.5,4,3.75
2696.0,3,2.98
2696.0,6,6.1
2696.5,6,6.08
2696.5,3,2.99
2696.5,3,2.99
2697.0,6,6.06
2697.0,3,3.61
2697.5,6,5.9
2697.5,2,2.32
2698.0,6,6.37
2698.0,2,2.23
2698.5,6,6.23
2698.5,2,2.12
2699.0,8,7.06
2699.0,2,2.21
2699.5,8,7.48
2699.5,2,2.1
2700.0,1,1.44
2700.0,8,7.24
2700.5,1,1.17
2700.5,8,7.49
2701.0,1,1.36
2701.0,8,5.95
2701.5,1,1.16
2701.5,3,2.46
2702.0,3,2.49
2702.0,1,1.12
2702.5,2,2.11
2702.5,1,1.02
2703.0,2,2.05
2703.0,1,1.2
2703.5,2,1.96
2703.5,1,1.31
2704.0,2,2.07
2704.0,1,1.51
2704.5,2,1.85
2704.5,2,2.16
2705.0,2,1.84
2705.0,2,1.94
2705.5,1,1.38
2705.5,2,1.91
2706.0,1,1.23
2706.0,2,1.88
2706.5,1,1.14
2706.5,2,1.84
2707.0,1,1.26
2707.0,2,1.73
2707.5,1,1.1
2707.5,2,2.27
2708.0,1,1.18
2708.0,3,2.87
2708.5,3,2.92
2708.5,1,1.29
2709.0,3,2.8
2709.0,2,1.93
2709.5,2,2.06
2709.5,2,2.07
2710.0,2,1.97
2710.0,2,2.02
2710.5,2,1.9
2710.5,2,2.06
2711.0,2,1.99
2711.0,2,2.03
2711.5,2,2.09
2711.5,2,2.15
2712.0,8,7.24
2712.0,1,1.29
2712.5,1,1.31
2712.5,8,7.73
2713.0,1,1.22
2713.0,8,8.0
2713.5,8,8.0
2713.5,1,1.41
2714.0,1,1.11
2714.0,8,7.98
2714.5,8,7.98
2714.5,1,1.15
2715.0,8,7.96
2715.0,1,1.11
2715.5,1,1.03
2715.5,8,7.98
2716.0,8,8.0
2716.0,1,1.03
2716.5,8,7.93
2716.5,1,1.03
2717.0,8,7.98
2717.0,1,1.12
2717.5,8,8.0
2717.5,1,1.17
2718.0,8,7.96
2718.0,2,1.8
2718.5,8,7.94
2718.5,2,2.09
2719.0,8,7.98
2719.0,2,2.23
2719.5,8,7.44
2719.5,3,2.89
2720.0,6,6.76
2720.0,3,2.89
2720.5,6,6.34
2720.5,2,2.24
2721.0,2,2.23
2721.0,6,6.16
2721.5,6,6.06
2721.5,2,2.03
2721.5,2,2.03
2722.0,3,4.18
2722.0,2,2.11
2722.5,3,4.26
2722.5,2,1.94
2723.0,2,1.99
2723.0,3,2.74
2723.5,2,1.96
2723.5,3,2.78
2724.0,3,2.77
2724.0,1,1.46
2724.5,3,2.92
2724.5,1,1.13
2725.0,3,3.0
2725.0,1,1.04
2725.5,3,3.04
2725.5,1,1.31
2726.0,1,2.24
2726.0,3,2.96
2726.5,1,1.26
2726.5,3,3.02
2727.0,1,1.0
2727.0,3,2.96
2727.5,1,1.0
2727.5,3,2.84
2728.0,3,2.92
2728.0,1,1.0
2728.5,3,2.88
2728.5,1,1.0
2729.0,3,2.9
2729.0,1,1.0
2729.5,3,2.89
2729.5,1,1.0
2730.0,3,2.81
2730.0,1,1.0
2730.5,1,1.02
2730.5,3,2.81
2731.0,3,2.56
2731.0,1,1.0
2731.5,3,2.79
2731.5,1,1.0
2732.0,2,1.97
2732.0,1,1.0
2732.5,1,1.0
2732.5,2,1.84
2733.0,2,1.86
2733.0,1,1.1
2733.5,1,1.11
2733.5,2,1.96
2734.0,2,1.82
2734.0,2,1.98
2734.5,2,1.87
2734.5,2,1.97
2735.0,1,1.44
2735.0,2,2.01
2735.5,1,1.16
2735.5,2,1.97
2736.0,1,1.04
2736.0,2,2.0
2736.5,2,2.14
2736.5,1,1.02
2737.0,3,2.62
2737.0,1,1.01
2737.5,1,1.0
2737.5,3,2.89
2738.0,8,6.17
2738.0,1,1.06
2738.5,8,7.06
2738.5,1,1.06
2739.0,8,7.81
2739.0,1,1.07
2739.5,8,7.89
2739.5,1,1.01
2740.0,8,7.94
2740.0,1,1.07
2740.5,1,1.03
2740.5,8,7.92
2741.0,8,7.72
2741.0,1,1.0
2741.5,8,7.63
2741.5,1,1.0
2742.0,8,7.44
2742.0,1,1.0
2742.5,2,2.79
2742.5,1,1.0
2743.0,2,2.07
2743.0,1,1.01
2743.5,1,1.0
2743.5,2,1.97
2744.0,2,2.01
2744.0,1,1.1
2744.5,1,1.15
2744.5,2,2.07
2745.0,1,1.08
2745.0,3,2.74
2745.5,3,2.81
2745.5,1,1.05
2746.0,1,1.02
2746.0,3,2.89
2746.5,1,1.21
2746.5,3,2.79
2747.0,2,2.17
2747.0,1,1.28
2747.5,2,2.2
2747.5,2,2.01
2748.0,2,2.03
2748.0,2,2.08
2748.5,2,2.08
2748.5,2,2.11
2749.0,2,2.15
2749.0,3,2.82
2749.5,3,2.94
2749.5,2,2.09
2750.0,2,2.12
2750.0,5,4.18
2750.5,2,1.99
2750.5,5,5.39
2751.0,8,7.7
2751.0,2,2.01
2751.5,8,7.83
2751.5,2,2.01
2752.0,2,2.07
2752.0,8,7.81
2752.5,3,2.79
2752.5,6,6.53
2753.0,6,6.3
2753.0,3,2.94
2753.5,6,6.14
2753.5,3,3.04
2754.0,6,5.32
2754.0,3,3.83
2754.5,3,3.42
2754.5,6,4.97
2755.0,8,6.65
2755.5,8,6.96
2756.0,8,7.72
2756.5,8,7.81
2757.0,8,7.98
2757.0,2,2.28
2757.5,3,4.96
2757.5,2,3.17
2758.0,3,4.56
2758.0,2,2.52
2758.5,2,2.36
2758.5,3,4.23
2759.0,3,3.56
2759.0,3,2.87
2759.5,3,2.98
2759.5,3,2.9
2760.0,3,2.98
2760.0,3,2.88
2760.5,3,3.0
2760.5,3,2.97
2761.0,3,2.91
2761.0,3,3.57
2761.5,3,2.98
2761.5,3,3.13
2762.0,3,2.96
2762.0,3,2.98
2762.5,3,2.94
2762.5,3,3.06
2763.0,3,3.06
2763.0,3,2.97
2763.5,3,3.1
2763.5,8,6.79
2764.0,3,2.99
2764.0,8,7.88
2764.5,3,2.88
2764.5,8,7.74
2765.0,8,7.83
2765.0,3,3.1
2765.5,8,7.88
2765.5,5,4.27
2766.0,8,7.88
2766.0,5,4.48
2766.5,8,7.92
2766.5,3,3.61
2767.0,8,7.87
2767.0,7,5.75
2767.5,8,7.77
2767.5,7,6.07
2768.0,7,7.2
2768.0,8,7.53
2768.5,8,7.51
2768.5,7,7.04
2769.0,7,7.1
2769.0,8,6.42
2769.5,7,7.04
2769.5,8,5.85
2770.0,7,7.0
2770.0,8,6.78
2770.5,7,7.03
2770.5,8,7.58
2771.0,7,6.95
2771.0,8,7.86
2771.5,7,6.83
2771.5,8,7.94
2772.0,8,7.94
2772.0,7,6.83
2772.5,7,6.97
2772.5,8,7.7
2773.0,7,5.65
2773.0,8,7.53
2773.5,8,8.0
2773.5,7,6.13
2774.0,8,7.82
2774.0,7,5.99
2774.5,7,6.87
2774.5,2,2.65
2774.5,8,7.47
2775.0,7,6.88
2775.0,2,2.28
2775.0,8,7.71
2775.5,7,6.86
2775.5,2,2.42
2775.5,8,7.54
2776.0,7,6.98
2776.0,2,2.45
2776.0,8,7.34
2776.5,2,2.15
2776.5,8,7.03
2776.5,7,6.87
2777.0,8,7.16
2777.0,7,6.7
2777.0,2,2.43
2777.5,7,6.12
2777.5,2,2.06
2777.5,8,7.06
2778.0,6,4.69
2778.0,2,2.03
2778.0,5,4.69
2778.5,6,5.65
2778.5,2,2.03
2778.5,3,3.18
2779.0,3,2.99
2779.0,2,2.04
2779.0,6,6.08
2779.5,3,2.93
2779.5,2,2.1
2779.5,6,5.94
2780.0,2,2.21
2780.0,6,5.91
2780.0,3,3.0
2780.5,6,5.75
2780.5,2,2.23
2780.5,3,2.99
2781.0,2,2.12
2781.0,3,2.97
2781.0,6,5.45
2781.5,2,2.01
2781.5,3,4.16
2781.5,3,2.99
2782.0,3,3.48
2782.0,2,2.12
2782.0,3,2.99
2782.5,3,3.03
2782.5,3,2.97
2782.5,2,2.07
2783.0,2,2.08
2783.0,3,2.98
2783.5,3,2.89
2783.5,2,2.11
2784.0,3,2.95
2784.0,2,2.18
2784.5,3,3.0
2784.5,2,2.21
2785.0,3,3.0
2785.0,1,1.41
2785.5,1,1.18
2785.5,3,3.0
2786.0,1,1.43
2786.0,3,2.99
2786.5,3,2.93
2786.5,1,1.17
2787.0,3,2.98
2787.0,1,1.33
2787.5,3,2.97
2787.5,1,1.93
2788.0,1,1.0
2788.0,3,3.03
2788.0,3,2.94
2788.5,1,1.01
2788.5,3,2.98
2789.0,1,1.02
2789.0,3,2.91
2789.5,1,1.07
2789.5,3,2.98
2790.0,3,2.94
2790.0,1,1.01
2790.5,3,2.81
2790.5,1,1.01
2791.0,3,2.98
2791.0,1,1.0
2791.5,3,2.95
2791.5,1,1.0
2792.0,3,2.98
2792.0,1,1.01
2792.5,1,1.0
2792.5,3,2.88
2793.0,3,3.0
2793.0,3,2.92
2793.0,1,1.13
2793.5,1,1.14
2793.5,3,2.93
2793.5,3,3.03
2793.5,3,2.97
2794.0,3,2.8
2794.0,3,2.89
2794.0,3,2.93
2794.0,1,1.08
2794.5,3,2.84
2794.5,3,2.9
2794.5,1,1.05
2794.5,3,2.84
2795.0,2,2.16
2795.0,3,2.91
2795.0,2,2.3
2795.0,1,1.0
2795.5,3,2.75
2795.5,2,2.09
2795.5,3,2.97
2795.5,1,1.0
2796.0,2,2.23
2796.0,2,2.26
2796.0,1,1.08
2796.0,3,2.94
2796.5,2,2.21
2796.5,2,2.3
2796.5,1,1.15
2796.5,3,2.96
2797.0,2,2.27
2797.0,1,1.41
2797.0,2,2.2
2797.0,3,2.97
2797.5,1,1.27
2797.5,2,2.19
2797.5,3,2.96
2797.5,2,2.07
2798.0,3,2.91
2798.0,2,2.08
2798.0,2,2.09
2798.0,2,1.91
2798.5,2,2.14
2798.5,2,2.0
2798.5,3,2.81
2798.5,2,2.19
2799.0,2,2.18
2799.0,1,1.21
2799.0,3,2.76
2799.0,2,2.11
2799.5,1,1.45
2799.5,2,2.23
2799.5,3,2.74
2799.5,2,2.11
2800.0,1,1.16
2800.0,2,2.06
2800.0,2,2.22
2800.0,2,2.07
2800.5,2,2.05
2800.5,2,2.26
2800.5,2,2.1
2800.5,1,1.26
2801.0,3,2.69
2801.0,1,1.45
2801.0,2,2.19
2801.0,2,1.87
2801.5,2,2.29
2801.5,2,2.0
2801.5,3,2.84
2801.5,1,1.33
2802.0,2,1.95
2802.0,2,2.0
2802.0,2,2.04
2802.0,3,2.94
2802.5,2,2.22
2802.5,2,2.0
2802.5,3,2.92
2802.5,2,2.07
2803.0,2,2.01
2803.0,2,1.64
2803.0,2,2.16
2803.0,3,2.8
2803.5,3,2.87
2803.5,2,2.31
2803.5,2,2.02
2803.5,2,1.97
2804.0,2,2.13
2804.0,3,2.9
2804.0,2,2.08
2804.0,2,2.02
2804.5,3,2.87
2804.5,2,2.2
2804.5,2,2.11
2804.5,2,2.01
2805.0,3,2.99
2805.0,2,2.16
2805.0,2,2.08
2805.0,3,2.94
2805.5,3,3.96
2805.5,2,2.34
2805.5,3,2.62
2805.5,3,2.94
2806.0,8,6.36
2806.0,3,2.74
2806.0,3,2.97
2806.5,2,2.02
2806.5,3,2.92
2807.0,2,2.06
2807.0,8,7.89
2807.0,3,2.95
2807.5,3,2.96
2807.5,2,1.99
2807.5,8,7.85
2808.0,3,2.96
2808.0,2,2.02
2808.0,5,4.63
2808.0,8,7.11
2808.5,6,5.57
2808.5,8,7.55
2808.5,2,1.98
2808.5,3,2.97
2809.0,6,6.03
2809.0,8,7.94
2809.0,2,2.02
2809.5,6,5.98
2809.5,8,7.93
2809.5,3,3.01
2810.0,3,4.14
2810.0,6,5.96
2810.0,8,7.5
2810.5,6,5.98
2810.5,8,7.54
2810.5,6,6.3
2810.5,3,3.39
2811.0,3,2.8
2811.0,6,6.72
2811.0,8,7.58
2811.0,6,5.96
2811.5,6,6.04
2811.5,3,2.89
2811.5,6,6.62
2811.5,8,7.92
2812.0,6,5.89
2812.0,3,2.91
2812.0,6,6.56
2812.0,8,7.92
2812.5,3,2.85
2812.5,6,6.22
2812.5,8,7.74
2812.5,6,5.99
2813.0,6,6.16
2813.0,6,5.99
2813.0,3,3.14
2813.0,8,7.9
2813.5,2,2.25
2813.5,8,7.13
2813.5,6,6.08
2813.5,8,7.84
2814.0,6,6.03
2814.0,8,7.5
2814.0,2,2.13
2814.0,8,7.86
2814.5,6,6.27
2814.5,8,7.97
2814.5,8,8.01
2814.5,8,6.44
2815.0,8,8.0
2815.0,8,7.49
2815.0,8,7.96
2815.0,6,6.52
2815.5,5,5.73
2815.5,8,7.33
2815.5,8,8.0
2815.5,8,8.0
2816.0,8,7.73
2816.0,8,7.96
2816.0,5,5.49
2816.0,8,7.43
2816.5,8,7.81
2816.5,8,7.61
2816.5,6,5.86
2816.5,6,6.24
2817.0,6,6.17
2817.0,6,6.13
2817.0,6,6.0
2817.0,8,7.64
2817.5,6,5.94
2817.5,8,7.79
2817.5,6,5.95
2817.5,6,5.98
2818.0,6,5.88
2818.0,5,5.68
2818.0,6,5.9
2818.0,6,6.07
2818.5,6,5.83
2818.5,6,5.99
2818.5,5,5.52
2818.5,6,5.97
2819.0,6,6.04
2819.0,5,5.44
2819.0,6,5.9
2819.0,6,5.97
2819.5,5,5.53
2819.5,6,5.85
2819.5,6,5.96
2819.5,6,6.0
2820.0,6,5.98
2820.0,5,5.14
2820.0,6,5.87
2820.0,6,5.68
2820.5,6,6.02
2820.5,6,6.11
2820.5,5,5.14
2820.5,6,6.3
2821.0,6,6.0
2821.0,6,6.29
2821.0,5,5.1
2821.0,6,6.36
2821.5,6,6.02
2821.5,5,5.14
2821.5,6,6.3
2821.5,6,5.55
2822.0,6,5.08
2822.0,6,6.04
2822.0,6,6.18
2822.0,4,4.21
2822.5,6,5.5
2822.5,6,6.06
2822.5,6,6.18
2822.5,4,4.05
2823.0,7,6.92
2823.0,6,6.02
2823.0,4,4.17
2823.0,6,5.99
2823.5,7,6.42
2823.5,4,4.11
2823.5,6,5.98
2823.5,6,5.98
2824.0,6,5.93
2824.0,6,5.91
2824.0,4,4.84
2824.0,4,4.0
2824.5,6,5.74
2824.5,6,5.93
2824.5,4,4.12
2824.5,4,3.82
2825.0,6,6.06
2825.0,4,4.47
2825.0,4,3.64
2825.0,6,5.71
2825.5,4,4.26
2825.5,6,6.02
2825.5,4,4.04
2825.5,6,5.59
2826.0,3,3.06
2826.0,6,6.0
2826.0,4,4.14
2826.0,4,3.83
2826.0,4,4.26
2826.5,4,4.33
2826.5,6,6.02
2826.5,3,2.89
2826.5,3,2.99
2826.5,6,5.35
2827.0,3,2.96
2827.0,6,5.59
2827.0,6,5.75
2827.0,3,3.04
2827.0,4,4.22
2827.5,6,5.63
2827.5,3,2.97
2827.5,3,2.85
2827.5,4,4.36
2827.5,6,5.47
2828.0,6,5.85
2828.0,3,2.97
2828.0,3,2.88
2828.0,6,5.59
2828.0,5,4.97
2828.5,4,4.49
2828.5,3,3.0
2828.5,6,5.83
2828.5,3,2.82
2828.5,4,4.52
2829.0,3,2.99
2829.0,3,2.91
2829.0,6,5.75
2829.0,4,4.63
2829.0,4,4.54
2829.5,6,5.69
2829.5,3,2.99
2829.5,6,5.67
2829.5,3,3.02
2829.5,4,4.83
2830.0,6,5.8
2830.0,3,2.93
2830.0,3,2.9
2830.0,6,5.77
2830.0,6,6.0
2830.5,6,5.73
2830.5,3,2.95
2830.5,6,6.08
2830.5,3,2.89
2830.5,8,7.76
2831.0,8,7.98
2831.0,6,5.63
2831.0,3,2.99
2831.0,3,2.97
2831.0,6,6.16
2831.5,3,2.99
2831.5,8,7.79
2831.5,3,2.9
2831.5,4,4.35
2831.5,6,6.02
2832.0,6,6.08
2832.0,8,7.11
2832.0,3,2.99
2832.0,2,2.33
2832.0,4,4.26
2832.5,6,5.93
2832.5,2,2.23
2832.5,6,6.07
2832.5,4,4.27
2832.5,3,2.98
2833.0,3,2.93
2833.0,6,5.65
2833.0,2,2.11
2833.0,5,5.29
2833.0,6,6.21
2833.5,2,2.38
2833.5,6,5.74
2833.5,5,4.89
2833.5,6,6.28
2833.5,3,2.88
2834.0,3,3.44
2834.0,8,7.23
2834.0,6,6.05
2834.0,2,2.3
2834.0,6,5.9
2834.5,6,5.36
2834.5,2,2.54
2834.5,6,5.86
2834.5,3,3.49
2835.0,3,4.21
2835.0,3,3.93
2835.0,2,2.32
2835.0,6,5.3
2835.5,3,3.42
2835.5,2,2.15
2835.5,6,5.17
2835.5,3,4.36
2836.0,3,3.46
2836.0,3,3.28
2836.0,2,2.77
2836.0,6,5.78
2836.5,6,5.74
2836.5,2,2.53
2836.5,3,3.24
2836.5,3,3.46
2837.0,6,5.53
2837.0,2,2.03
2837.0,2,2.92
2837.0,2,2.3
2837.0,3,2.73
2837.5,6,5.54
2837.5,2,2.25
2837.5,2,2.15
2837.5,2,3.15
2837.5,3,2.92
2838.0,3,3.01
2838.0,6,5.85
2838.0,3,2.75
2838.0,1,2.33
2838.0,2,2.0
2838.5,1,2.91
2838.5,2,2.27
2838.5,6,5.93
2838.5,2,2.1
2838.5,3,2.77
2839.0,1,3.1
2839.0,3,2.97
2839.0,2,2.08
2839.0,6,5.81
2839.0,3,3.12
2839.5,6,5.62
2839.5,1,2.21
2839.5,3,3.88
2839.5,3,3.14
2839.5,2,2.09
2840.0,1,1.86
2840.0,8,6.38
2840.0,3,4.46
2840.0,2,2.32
2840.0,3,3.28
2840.5,8,7.28
2840.5,3,2.91
2840.5,3,3.42
2840.5,8,6.71
2840.5,1,2.03
2841.0,3,3.01
2841.0,8,7.56
2841.0,8,7.48
2841.0,1,1.71
2841.0,3,3.01
2841.5,8,7.63
2841.5,8,7.41
2841.5,3,3.01
2841.5,1,1.28
2841.5,2,2.78
2842.0,3,2.99
2842.0,8,7.35
2842.0,2,2.27
2842.0,1,1.65
2842.5,2,2.2
2842.5,2,2.37
2842.5,1,1.27
2843.0,2,1.98
2843.0,2,2.07
2843.0,9,8.19
2843.0,1,1.65
2843.5,9,8.5
2843.5,2,2.62
2843.5,2,2.1
2843.5,1,1.51
2844.0,1,1.33
2844.0,2,2.99
2844.0,2,2.19
2844.5,2,2.02
2844.5,1,1.17
2844.5,2,2.25
2845.0,2,2.17
2845.0,1,1.16
2845.0,5,4.57
2845.5,1,1.06
2845.5,5,4.69
2845.5,2,2.2
2846.0,1,1.01
2846.0,5,4.68
2846.0,2,2.13
2846.5,5,4.38
2846.5,2,2.43
2846.5,1,1.14
2847.0,3,2.9
2847.0,1,1.2
2847.0,3,3.48
2847.5,3,2.87
2847.5,1,1.7
2847.5,6,5.81
2848.0,3,2.97
2848.0,3,2.89
2848.0,6,6.34
2848.5,3,2.99
2848.5,3,2.95
2848.5,7,7.06
2849.0,3,3.03
2849.0,7,6.99
2849.0,3,3.03
2849.5,3,2.97
2849.5,7,7.04
2849.5,3,2.99
2850.0,2,2.36
2850.0,7,6.98
2850.0,3,2.98
2850.5,2,2.21
2850.5,7,6.99
2850.5,3,2.97
2851.0,7,7.0
2851.0,2,2.0
2851.5,7,7.01
2851.5,2,2.23
2852.0,2,2.09
2852.0,7,7.03
2852.5,8,7.28
2852.5,7,6.8
2852.5,2,2.06
2853.0,8,8.01
2853.0,5,5.26
2853.0,2,2.03
2853.5,5,4.41
2853.5,2,2.75
2853.5,8,7.95
2853.5,2,2.47
2854.0,5,4.46
2854.0,2,2.05
2854.0,3,2.96
2854.0,8,7.72
2854.5,5,4.21
2854.5,8,7.75
2854.5,2,1.94
2854.5,3,3.01
2855.0,6,6.17
2855.0,3,2.98
2855.0,2,2.18
2855.0,4,3.48
2855.5,6,6.3
2855.5,3,2.71
2855.5,4,3.56
2855.5,3,3.04
2856.0,3,2.97
2856.0,3,2.81
2856.0,4,3.79
2856.0,6,6.09
2856.5,3,3.06
2856.5,6,6.25
2856.5,3,2.64
2856.5,4,4.61
2857.0,4,4.68
2857.0,3,2.94
2857.0,3,3.08
2857.0,6,5.68
2857.5,3,2.77
2857.5,3,2.95
2857.5,3,4.06
2857.5,8,7.04
2858.0,3,3.1
2858.0,8,7.28
2858.0,3,2.98
2858.0,3,3.13
2858.5,6,6.02
2858.5,3,2.97
2858.5,3,3.01
2859.0,5,4.39
2859.0,2,2.44
2859.0,4,4.36
2859.0,3,2.97
2859.5,5,5.67
2859.5,4,4.37
2859.5,3,3.2
2859.5,2,2.27
2860.0,5,5.44
2860.0,3,2.86
2860.0,4,4.3
2860.0,2,2.46
2860.5,2,2.51
2860.5,5,5.78
2860.5,4,4.84
2860.5,3,2.68
2861.0,2,2.1
2861.0,8,7.63
2861.0,2,2.44
2861.0,8,7.52
2861.5,8,7.85
2861.5,8,7.79
2861.5,2,2.4
2861.5,2,1.88
2862.0,8,7.96
2862.0,2,2.29
2862.0,2,1.81
2862.0,8,7.6
2862.5,2,1.86
2862.5,8,7.39
2862.5,2,2.31
2862.5,8,7.93
2863.0,8,7.94
2863.0,2,2.2
2863.0,5,5.34
2863.0,2,1.74
2863.5,8,7.82
2863.5,2,1.96
2863.5,2,2.46
2863.5,5,5.07
2864.0,8,7.87
2864.0,2,2.31
2864.0,2,1.96
2864.0,5,5.23
2864.5,4,4.17
2864.5,2,2.05
2864.5,2,2.01
2864.5,6,6.3
2865.0,4,4.15
2865.0,2,2.07
2865.0,6,6.04
2865.0,2,2.36
2865.5,2,2.12
2865.5,6,6.09
2865.5,2,2.02
2865.5,4,3.96
2866.0,4,3.96
2866.0,6,6.01
2866.0,2,2.1
2866.0,2,2.36
2866.5,6,5.87
2866.5,2,2.02
2866.5,4,4.02
2866.5,2,2.02
2867.0,6,6.04
2867.0,4,4.07
2867.0,2,1.99
2867.0,2,2.5
2867.5,6,5.64
2867.5,4,4.03
2867.5,3,3.04
2867.5,2,1.95
2868.0,4,3.91
2868.0,3,3.1
2868.0,3,3.79
2868.0,2,1.88
2868.5,3,2.99
2868.5,2,1.96
2868.5,3,3.98
2868.5,4,3.87
2869.0,2,3.16
2869.0,4,3.9
2869.0,2,1.9
2869.0,3,3.33
2869.5,4,3.95
2869.5,2,3.36
2869.5,2,2.18
2869.5,3,3.24
2870.0,2,2.49
2870.0,2,2.45
2870.0,2,2.95
2870.0,4,3.93
2870.5,4,3.92
2870.5,2,2.34
2870.5,2,2.21
2870.5,2,2.56
2871.0,2,2.54
2871.0,2,2.39
2871.0,4,3.92
2871.0,2,2.35
2871.5,2,2.21
2871.5,3,2.98
2871.5,4,3.99
2871.5,2,2.1
2872.0,2,2.39
2872.0,3,2.88
2872.0,2,2.09
2872.0,4,3.95
2872.5,3,2.97
2872.5,3,3.03
2872.5,2,2.25
2872.5,4,3.73
2873.0,3,2.76
2873.0,4,3.54
2873.0,3,2.94
2873.0,6,5.9
2873.5,4,3.98
2873.5,6,6.47
2873.5,5,4.14
2873.5,3,3.01
2874.0,6,6.29
2874.0,5,4.14
2874.0,6,5.32
2874.0,3,3.01
2874.5,2,2.33
2874.5,3,2.86
2874.5,6,6.42
2874.5,6,5.47
2875.0,6,6.4
2875.0,6,5.55
2875.0,3,2.74
2875.0,3,2.95
2875.5,4,4.21
2875.5,2,2.11
2875.5,6,6.18
2875.5,5,4.08
2876.0,5,4.13
2876.0,2,2.02
2876.0,4,3.79
2876.0,6,6.21
2876.5,2,2.02
2876.5,3,3.39
2876.5,5,4.63
2876.5,4,3.71
2877.0,8,6.41
2877.0,2,2.07
2877.0,3,3.18
2877.0,4,3.54
2877.5,8,7.03
2877.5,2,2.21
2877.5,3,3.2
2877.5,4,3.58
2878.0,3,3.05
2878.0,4,3.92
2878.0,8,7.01
2878.0,2,2.39
2878.5,8,7.27
2878.5,2,2.19
2878.5,4,3.97
2878.5,3,3.05
2879.0,6,5.9
2879.0,2,2.06
2879.0,4,3.95
2879.0,3,2.87
2879.5,6,5.48
2879.5,4,4.06
2879.5,2,2.54
2879.5,2,2.18
2880.0,2,2.22
2880.0,4,3.76
2880.0,5,4.53
2880.0,3,2.99
2880.5,4,3.82
2880.5,5,4.53
2880.5,3,3.03
2880.5,2,2.22
2881.0,3,2.96
2881.0,6,5.48
2881.0,4,3.79
2881.0,2,2.27
2881.5,4,3.83
2881.5,4,3.96
2881.5,2,2.36
2881.5,3,3.07
2882.0,7,5.9
2882.0,4,3.74
2882.0,4,3.62
2882.0,2,2.25
2882.5,7,7.12
2882.5,4,3.84
2882.5,3,2.91
2882.5,4,3.69
2883.0,4,3.6
2883.0,7,7.29
2883.0,3,2.98
2883.0,4,3.8
2883.5,3,3.37
2883.5,8,7.84
2883.5,6,4.86
2883.5,6,5.85
2884.0,2,2.17
2884.0,6,5.17
2884.0,8,7.77
2884.0,6,6.3
2884.5,4,4.31
2884.5,2,2.0
2884.5,6,6.15
2884.5,8,7.93
2885.0,6,6.36
2885.0,7,6.14
2885.0,8,7.84
2885.0,2,2.0
2885.5,8,7.89
2885.5,8,7.42
2885.5,7,5.89
2885.5,2,2.0
2886.0,8,7.8
2886.0,8,7.09
2886.0,7,5.95
2886.0,2,2.02
2886.5,8,7.76
2886.5,5,4.33
2886.5,7,6.85
2886.5,2,2.01
2887.0,8,7.52
2887.0,8,7.73
2887.0,5,4.74
2887.0,2,1.99
2887.5,2,2.01
2887.5,8,7.65
2887.5,5,4.46
2887.5,8,7.37
2888.0,2,1.94
2888.0,8,7.7
2888.0,5,4.27
2888.0,8,7.46
2888.5,2,2.86
2888.5,2,1.94
2888.5,6,6.13
2888.5,8,7.29
2889.0,6,6.08
2889.0,2,1.97
2889.0,3,2.98
2889.0,6,6.71
2889.5,2,2.04
2889.5,3,3.02
2889.5,6,6.1
2889.5,6,6.38
2890.0,2,2.49
2890.0,6,6.07
2890.0,2,2.03
2890.0,3,3.04
2890.5,2,1.99
2890.5,3,2.82
2890.5,8,7.26
2890.5,2,2.57
2891.0,3,3.02
2891.0,8,6.77
2891.0,2,2.33
2891.0,2,2.0
2891.5,6,5.51
2891.5,2,2.12
2891.5,3,3.03
2891.5,2,1.95
2892.0,2,1.98
2892.0,6,6.04
2892.0,2,2.21
2892.0,3,2.98
2892.5,2,2.17
2892.5,3,3.09
2892.5,8,7.4
2892.5,2,1.95
2893.0,2,2.05
2893.0,8,7.78
2893.0,3,3.16
2893.0,1,1.42
2893.5,3,2.98
2893.5,1,1.28
2893.5,6,6.57
2893.5,2,2.06
2894.0,1,1.24
2894.0,2,2.07
2894.0,6,6.74
2894.0,3,2.98
2894.5,8,7.89
2894.5,2,2.09
2894.5,3,3.01
2894.5,1,1.12
2895.0,3,3.11
2895.0,2,2.3
2895.0,1,1.5
2895.0,8,8.01
2895.5,3,3.15
2895.5,2,2.12
2895.5,2,2.04
2895.5,8,8.02
2896.0,2,2.2
2896.0,8,7.99
2896.0,3,3.21
2896.0,3,2.29
2896.5,3,3.11
2896.5,2,2.34
2896.5,8,8.0
2896.5,3,2.8
2897.0,8,7.98
2897.0,2,2.09
2897.0,2,2.38
2897.0,3,2.97
2897.5,2,2.15
2897.5,3,2.92
2897.5,2,2.12
2897.5,8,7.74
2898.0,8,7.82
2898.0,2,2.21
2898.0,2,2.08
2898.5,2,2.01
2898.5,8,7.71
2898.5,2,2.05
2899.0,8,6.81
2899.0,2,2.53
2899.0,2,2.11
2899.5,8,6.46
2899.5,2,2.59
2899.5,2,2.05
2899.5,2,2.41
2900.0,6,5.27
2900.0,2,2.32
2900.0,2,2.17
2900.0,2,2.17
2900.5,2,2.2
2900.5,5,4.14
2900.5,2,2.15
2900.5,2,2.18
2901.0,1,1.98
2901.0,8,5.49
2901.0,2,2.08
2901.0,2,2.09
2901.5,1,2.19
2901.5,6,5.47
2901.5,2,2.24
2901.5,2,2.46
2902.0,1,1.75
2902.0,4,4.06
2902.0,2,2.16
2902.0,2,2.53
2902.5,2,2.19
2902.5,2,2.21
2902.5,4,4.03
2902.5,1,2.81
2903.0,4,4.1
2903.0,2,3.1
2903.0,3,2.7
2903.0,1,1.74
2903.5,3,2.84
2903.5,4,4.1
2903.5,2,3.87
2903.5,1,1.26
2904.0,5,4.98
2904.0,3,3.13
2904.0,3,4.73
2904.0,1,1.0
2904.5,1,1.06
2904.5,6,5.66
2904.5,8,6.78
2904.5,3,3.25
2905.0,1,1.0
2905.0,8,6.34
2905.0,8,6.05
2905.0,8,7.88
2905.5,1,1.0
2905.5,8,7.74
2905.5,8,5.95
2905.5,8,8.02
2906.0,1,1.01
2906.0,8,7.94
2906.0,3,3.21
2906.0,8,7.97
2906.5,8,8.0
2906.5,3,2.9
2906.5,8,7.95
2906.5,1,1.0
2907.0,3,3.0
2907.0,1,1.01
2907.0,8,7.98
2907.0,8,7.95
2907.5,1,1.03
2907.5,8,8.0
2907.5,3,2.93
2907.5,8,7.95
2908.0,3,3.03
2908.0,1,1.11
2908.0,8,8.0
2908.0,8,7.91
2908.5,3,3.03
2908.5,1,1.24
2908.5,8,8.0
2908.5,8,8.0
2909.0,8,8.0
2909.0,1,1.34
2909.0,8,7.92
2909.0,2,2.41
2909.5,2,2.06
2909.5,1,1.31
2909.5,8,8.01
2909.5,8,7.97
2910.0,8,7.96
2910.0,2,2.06
2910.0,1,1.4
2910.0,7,7.33
2910.5,8,7.6
2910.5,7,7.24
2910.5,1,1.18
2910.5,2,2.28
2911.0,7,7.09
2911.0,1,1.28
2911.0,3,2.78
2911.0,2,2.54
2911.5,1,1.22
2911.5,7,6.87
2911.5,2,2.06
2911.5,3,3.02
2912.0,7,6.71
2912.0,1,1.1
2912.0,2,2.14
2912.0,3,2.95
2912.5,3,2.92
2912.5,2,2.4
2912.5,1,1.0
2912.5,7,6.28
2913.0,1,1.01
2913.0,2,2.31
2913.0,2,2.14
2913.0,7,7.0
2913.5,2,2.14
2913.5,2,2.01
2913.5,1,1.0
2913.5,5,5.81
2914.0,1,1.0
2914.0,2,2.03
2914.0,5,5.56
2914.0,9,8.67
2914.0,2,2.33
2914.5,2,2.19
2914.5,6,6.24
2914.5,1,1.03
2914.5,2,2.78
2914.5,9,8.7
2915.0,6,6.29
2915.0,1,1.15
2915.0,9,8.77
2915.0,2,2.22
2915.0,2,2.11
2915.5,1,1.01
2915.5,2,2.46
2915.5,2,1.96
2915.5,6,6.63
2915.5,9,8.38
2916.0,2,2.2
2916.0,1,1.26
2916.0,8,7.71
2916.0,2,2.02
2916.5,2,2.04
2916.5,2,2.57
2916.5,1,1.29
2916.5,8,7.49
2917.0,2,2.2
2917.0,2,1.97
2917.0,2,2.73
2917.0,6,6.3
2917.5,2,1.98
2917.5,6,6.26
2917.5,3,3.03
2917.5,2,2.59
2917.5,2,2.1
2918.0,2,2.07
2918.0,8,7.73
2918.0,2,2.45
2918.0,3,3.03
2918.0,2,1.99
2918.5,2,2.03
2918.5,8,7.85
2918.5,2,2.38
2918.5,2,2.02
2918.5,3,3.01
2919.0,8,7.86
2919.0,2,2.2
2919.0,2,1.99
2919.0,2,1.99
2919.0,3,2.95
2919.5,8,7.9
2919.5,2,1.97
2919.5,2,2.15
2919.5,3,2.89
2919.5,2,1.91
2920.0,2,2.03
2920.0,8,7.62
2920.0,2,2.36
2920.0,2,2.07
2920.0,2,1.98
2920.5,2,1.98
2920.5,2,2.28
2920.5,8,7.03
2920.5,2,1.98
2920.5,2,2.13
2921.0,2,2.13
2921.0,2,2.69
2921.0,6,5.0
2921.0,3,2.96
2921.0,3,3.01
2921.5,2,2.21
2921.5,6,5.93
2921.5,2,2.21
2921.5,3,2.97
2921.5,3,3.04
2922.0,1,1.53
2922.0,8,6.55
2922.0,8,7.04
2922.0,3,2.98
2922.0,2,2.3
2922.5,3,2.95
2922.5,1,1.98
2922.5,8,7.74
2922.5,8,6.28
2922.5,2,2.23
2923.0,4,4.83
2923.0,3,2.9
2923.0,2,2.31
2923.0,1,1.77
2923.0,8,7.87
2923.5,1,1.29
2923.5,4,3.49
2923.5,8,7.95
2923.5,2,2.09
2924.0,1,1.23
2924.0,3,2.97
2924.0,6,6.68
2924.0,8,7.93
2924.0,2,2.12
2924.5,6,6.43
2924.5,3,3.12
2924.5,6,6.77
2924.5,2,2.18
2924.5,1,1.24
2925.0,6,6.22
2925.0,6,6.38
2925.0,3,2.99
2925.0,1,1.69
2925.0,2,2.22
2925.5,8,7.51
2925.5,2,2.27
2925.5,8,7.56
2925.5,6,6.3
2925.5,1,1.52
2926.0,2,2.18
2926.0,8,7.98
2926.0,3,2.81
2926.0,8,7.76
2926.0,6,6.59
2926.5,8,7.96
2926.5,2,2.04
2926.5,8,7.59
2926.5,3,4.23
2926.5,6,6.66
2927.0,3,4.81
2927.0,8,7.61
2927.0,2,2.03
2927.0,8,7.57
2927.0,8,7.99
2927.5,2,2.32
2927.5,8,7.18
2927.5,8,7.66
2927.5,8,7.87
2928.0,3,3.0
2928.0,8,7.83
2928.0,5,5.52
2928.0,8,7.75
2928.5,8,7.65
2928.5,3,3.65
2928.5,5,5.28
2928.5,8,7.3
2929.0,8,7.68
2929.0,5,5.29
2929.0,6,4.94
2929.0,6,5.92
2929.5,6,6.09
2929.5,6,5.23
2929.5,8,7.57
2929.5,5,5.37
2930.0,3,3.28
2930.0,6,6.17
2930.0,3,2.95
2930.0,6,6.45
2930.0,6,5.94
2930.5,3,2.86
2930.5,6,6.45
2930.5,6,6.18
2930.5,3,2.97
2930.5,6,6.13
2931.0,8,7.14
2931.0,9,8.32
2931.0,3,2.92
2931.0,6,6.21
2931.0,2,2.23
2931.5,2,2.18
2931.5,3,2.99
2931.5,9,8.63
2931.5,6,6.2
2931.5,8,7.72
2932.0,9,8.77
2932.0,3,2.95
2932.0,2,3.17
2932.0,5,5.27
2932.0,3,3.06
2932.5,3,3.03
2932.5,3,2.96
2932.5,2,2.5
2932.5,9,8.91
2932.5,5,4.28
2933.0,3,2.98
2933.0,3,3.17
2933.0,2,2.28
2933.0,9,8.86
2933.0,3,3.0
2933.5,3,3.3
2933.5,3,3.26
2933.5,3,2.96
2933.5,9,8.73
2933.5,2,2.41
2934.0,3,3.79
2934.0,3,2.98
2934.0,2,2.14
2934.0,9,8.59
2934.0,4,3.74
2934.5,7,6.35
2934.5,9,8.7
2934.5,3,2.99
2934.5,2,2.38
2934.5,3,3.22
2935.0,8,8.24
2935.0,7,7.02
2935.0,3,3.0
2935.0,2,2.46
2935.0,3,3.46
2935.5,7,7.01
2935.5,2,2.36
2935.5,8,7.93
2935.5,8,6.56
2935.5,3,3.0
2936.0,7,7.0
2936.0,3,2.98
2936.0,8,7.47
2936.0,8,7.94
2936.0,3,2.77
2936.5,3,3.02
2936.5,8,7.66
2936.5,3,2.88
2936.5,8,7.81
2936.5,7,6.95
2937.0,8,7.65
2937.0,7,6.35
2937.0,3,3.03
2937.0,8,7.82
2937.0,3,2.96
2937.5,8,7.52
2937.5,3,2.99
2937.5,3,3.02
2937.5,7,6.79
2937.5,8,7.93
2938.0,3,3.06
2938.0,8,7.88
2938.0,6,4.83
2938.0,7,6.14
2938.0,8,7.3
2938.5,6,6.84
2938.5,6,6.34
2938.5,7,6.81
2938.5,8,6.19
2938.5,3,2.93
2939.0,8,6.19
2939.0,3,3.02
2939.0,6,6.06
2939.0,8,7.48
2939.0,6,6.66
2939.5,6,6.2
2939.5,8,7.73
2939.5,8,5.21
2939.5,6,6.53
2939.5,2,2.44
2940.0,8,7.82
2940.0,6,6.1
2940.0,1,1.64
2940.0,6,5.31
2940.0,6,6.11
2940.5,1,1.45
2940.5,6,5.58
2940.5,6,6.11
2940.5,8,7.55
2940.5,8,7.62
2941.0,1,1.55
2941.0,6,6.09
2941.0,6,5.31
2941.0,8,6.91
2941.0,8,7.18
2941.5,8,6.7
2941.5,6,4.95
2941.5,4,5.22
2941.5,1,1.44
2941.5,8,7.08
2942.0,3,3.89
2942.0,8,6.24
2942.0,8,7.42
2942.0,6,4.74
2942.0,3,3.0
2942.5,3,3.27
2942.5,8,6.54
2942.5,3,3.12
2942.5,6,4.72
2942.5,8,7.62
2943.0,3,3.03
2943.0,4,3.68
2943.0,8,6.72
2943.0,8,7.82
2943.0,3,3.0
2943.5,8,7.72
2943.5,3,3.33
2943.5,4,3.5
2943.5,3,3.34
2944.0,8,7.71
2944.0,8,7.95
2944.0,8,7.95
2944.0,4,3.9
2944.0,8,7.84
2944.0,3,2.98
2944.5,8,7.85
2944.5,4,4.32
2944.5,8,7.56
2944.5,3,3.0
2944.5,8,7.77
2945.0,3,3.06
2945.0,8,7.51
2945.0,4,3.99
2945.0,8,7.98
2945.0,8,7.43
2945.5,3,3.07
2945.5,8,7.23
2945.5,8,7.29
2945.5,6,6.05
2945.5,8,7.97
2946.0,3,2.92
2946.0,6,6.12
2946.0,6,6.29
2946.0,3,3.5
2946.0,8,8.01
2946.5,8,7.98
2946.5,6,6.06
2946.5,2,2.21
2946.5,6,6.17
2947.0,8,7.98
2947.0,8,7.15
2947.0,6,6.16
2947.0,2,2.17
2947.5,4,4.74
2947.5,6,5.73
2947.5,3,2.86
2947.5,8,7.98
2948.0,3,2.75
2948.0,6,5.64
2948.0,3,2.99
2948.0,8,7.97
2948.0,4,4.89
2948.5,2,2.13
2948.5,5,5.1
2948.5,8,7.78
2948.5,3,3.23
2948.5,3,3.54
2949.0,5,4.91
2949.0,8,7.83
2949.0,3,3.06
2949.0,3,3.04
2949.0,2,2.45
2949.5,3,2.98
2949.5,8,7.86
2949.5,2,2.22
2949.5,5,4.63
2949.5,3,2.93
2950.0,6,6.0
2950.0,3,3.0
2950.0,2,2.21
2950.0,8,7.92
2950.0,3,2.95
2950.5,2,2.3
2950.5,6,6.19
2950.5,8,8.0
2950.5,3,3.0
2950.5,3,3.0
2951.0,6,6.27
2951.0,2,2.23
2951.0,3,3.04
2951.0,3,3.0
2951.0,8,7.98
2951.5,3,3.02
2951.5,6,6.4
2951.5,3,2.97
2951.5,3,3.0
2951.5,8,7.78
2952.0,3,2.97
2952.0,3,3.0
2952.0,8,7.4
2952.0,6,6.44
2952.0,3,3.07
2952.5,3,3.52
2952.5,3,3.0
2952.5,6,6.36
2952.5,8,7.14
2952.5,3,3.01
2953.0,3,2.91
2953.0,6,6.26
2953.0,3,3.03
2953.0,6,6.09
2953.0,5,4.38
2953.5,6,5.97
2953.5,3,2.98
2953.5,3,3.0
2953.5,6,6.12
2953.5,8,7.36
2954.0,8,7.56
2954.0,8,7.53
2954.0,8,7.39
2954.0,3,3.0
2954.0,3,3.0
2954.5,3,3.8
2954.5,3,2.97
2954.5,8,7.62
2954.5,3,3.0
2954.5,6,6.21
2955.0,3,2.99
2955.0,8,7.88
2955.0,3,4.47
2955.0,3,3.05
2955.0,6,6.19
2955.5,6,6.05
2955.5,3,2.94
2955.5,3,3.02
2955.5,2,2.66
2955.5,8,7.95
2956.0,6,6.02
2956.0,8,7.66
2956.0,3,2.98
2956.0,3,2.85
2956.0,2,2.41
2956.5,3,2.94
2956.5,2,2.36
2956.5,8,7.68
2956.5,6,6.09
2956.5,3,3.0
2957.0,3,2.97
2957.0,6,6.12
2957.0,2,2.13
2957.0,3,2.89
2957.0,5,5.52
2957.5,3,2.99
2957.5,2,2.19
2957.5,9,7.55
2957.5,6,6.03
2957.5,3,3.09
2958.0,2,2.26
2958.0,3,3.18
2958.0,3,3.69
2958.0,6,6.01
2958.0,3,3.0
2958.5,3,2.8
2958.5,2,2.22
2958.5,3,2.97
2958.5,6,6.04
2958.5,3,2.99
2959.0,6,6.18
2959.0,3,2.98
2959.0,3,2.98
2959.0,2,2.7
2959.0,2,2.15
2959.5,2,2.02
2959.5,3,2.9
2959.5,3,2.96
2959.5,6,5.99
2959.5,2,2.08
2960.0,3,3.0
2960.0,6,5.99
2960.0,3,2.94
2960.0,2,2.01
2960.0,2,2.03
2960.5,3,2.95
2960.5,2,2.21
2960.5,6,6.0
2960.5,3,3.05
2960.5,2,2.07
2961.0,6,6.07
2961.0,2,1.99
2961.0,3,3.06
2961.0,3,2.98
2961.0,3,2.64
2961.5,2,2.06
2961.5,6,5.98
2961.5,2,1.99
2961.5,3,3.01
2961.5,3,2.84
2962.0,3,3.0
2962.0,2,2.01
2962.0,6,5.99
2962.0,2,2.04
2962.0,3,2.98
2962.5,2,2.01
2962.5,6,6.0
2962.5,2,2.0
2962.5,3,2.99
2962.5,3,2.95
2963.0,6,6.03
2963.0,3,2.96
2963.0,3,2.93
2963.0,2,2.09
2963.0,2,2.07
2963.5,3,2.92
2963.5,3,3.0
2963.5,2,2.01
2963.5,6,6.11
2963.5,2,2.04
2964.0,3,3.0
2964.0,6,5.82
2964.0,2,2.02
2964.0,3,2.94
2964.0,2,2.26
2964.5,3,2.99
2964.5,2,2.05
2964.5,6,5.72
2964.5,3,3.0
2964.5,2,2.18
2965.0,2,2.25
2965.0,6,5.45
2965.0,3,2.98
2965.0,2,2.02
2965.0,3,3.0
2965.5,2,2.42
2965.5,3,3.0
2965.5,3,2.99
2965.5,2,1.96
2965.5,4,4.04
2966.0,3,2.98
2966.0,3,2.99
2966.0,4,4.05
2966.0,2,2.22
2966.0,2,1.99
2966.5,2,2.1
2966.5,3,2.97
2966.5,4,4.42
2966.5,2,2.31
2966.5,3,3.04
2967.0,3,3.1
2967.0,2,2.32
2967.0,4,4.46
2967.0,2,2.38
2967.0,3,2.86
2967.5,3,2.99
2967.5,3,2.9
2967.5,4,4.58
2967.5,2,2.1
2967.5,3,2.98
2968.0,2,2.12
2968.0,8,6.57
2968.0,4,5.21
2968.0,3,2.85
2968.0,3,3.0
2968.5,2,2.16
2968.5,8,6.69
2968.5,5,4.7
2968.5,8,7.21
2968.5,3,3.0
2969.0,2,2.18
2969.0,6,6.11
2969.0,8,7.27
2969.0,5,5.54
2969.0,3,3.0
2969.5,2,2.19
2969.5,8,7.83
2969.5,8,7.54
2969.5,6,6.29
2969.5,3,3.0
2970.0,6,6.09
2970.0,8,7.9
2970.0,3,3.0
2970.0,2,2.32
2970.0,6,6.32
2970.5,2,2.17
2970.5,6,6.02
2970.5,6,6.46
2970.5,8,7.98
2970.5,3,2.95
2971.0,8,7.34
2971.0,3,2.85
2971.0,3,3.01
2971.0,6,6.01
2971.0,8,8.0
2971.5,8,7.99
2971.5,3,2.99
2971.5,8,7.49
2971.5,6,6.29
2971.5,3,2.94
2972.0,3,2.98
2972.0,5,5.91
2972.0,6,6.59
2972.0,3,3.03
2972.0,8,7.77
2972.5,3,2.99
2972.5,3,3.0
2972.5,8,7.39
2972.5,8,7.9
2972.5,5,5.46
2973.0,8,7.41
2973.0,3,2.96
2973.0,8,7.96
2973.0,3,2.99
2973.0,6,6.09
2973.5,3,2.94
2973.5,8,7.64
2973.5,6,6.3
2973.5,5,4.9
2974.0,3,2.89
2974.0,4,4.52
2974.0,8,7.57
2974.0,3,2.99
2974.5,3,2.91
2974.5,6,6.76
2974.5,3,3.18
2974.5,2,2.62
2974.5,2,3.56
2975.0,8,7.45
2975.0,3,2.88
2975.0,2,2.99
2975.0,2,2.27
2975.0,3,3.04
2975.5,3,2.91
2975.5,2,2.17
2975.5,8,7.75
2975.5,3,2.86
2975.5,3,3.1
2976.0,8,7.58
2976.0,3,2.96
2976.0,3,3.0
2976.0,3,2.93
2976.0,2,2.38
2976.5,8,7.78
2976.5,3,3.03
2976.5,3,2.99
2976.5,3,3.0
2976.5,2,2.15
2977.0,2,2.16
2977.0,8,7.56
2977.0,3,3.0
2977.0,3,3.03
2977.0,5,5.03
2977.5,3,3.11
2977.5,2,2.23
2977.5,5,5.95
2977.5,5,5.65
2977.5,3,3.0
2978.0,2,2.06
2978.0,5,5.44
2978.0,2,3.03
2978.0,5,5.17
2978.0,3,2.98
2978.5,2,2.76
2978.5,5,5.24
2978.5,5,5.46
2978.5,3,3.0
2978.5,2,2.16
2979.0,5,5.39
2979.0,3,3.0
2979.0,2,2.21
2979.0,2,3.17
2979.0,5,5.44
2979.5,2,2.21
2979.5,3,2.99
2979.5,2,3.02
2979.5,5,5.75
2979.5,5,5.95
2980.0,8,7.89
2980.0,2,3.36
2980.0,2,1.98
2980.0,7,7.02
2980.0,3,2.98
2980.5,3,3.04
2980.5,8,7.98
2980.5,2,2.06
2980.5,2,2.69
2980.5,7,7.01
2981.0,3,3.04
2981.0,7,7.02
2981.0,2,2.3
2981.0,2,3.1
2981.0,8,7.96
2981.5,2,2.45
2981.5,7,7.07
2981.5,2,2.65
2981.5,8,7.64
2981.5,8,5.91
2982.0,2,2.47
2982.0,5,5.32
2982.0,7,7.1
2982.0,8,5.77
2982.0,2,2.44
2982.5,7,7.06
2982.5,2,2.32
2982.5,5,5.04
2982.5,8,7.3
2982.5,2,2.24
2983.0,8,7.32
2983.0,7,6.92
2983.0,5,4.78
2983.0,2,2.64
2983.0,2,2.22
2983.5,2,3.03
2983.5,5,5.49
2983.5,8,7.6
2983.5,7,7.03
2983.5,2,2.5
2984.0,6,6.14
2984.0,8,7.55
2984.0,2,2.4
2984.0,6,6.1
2984.0,2,3.38
2984.5,2,2.32
2984.5,6,5.95
2984.5,8,7.92
2984.5,2,2.64
2984.5,6,6.21
2985.0,5,5.16
2985.0,3,3.21
2985.0,8,7.74
2985.0,5,4.86
2985.0,6,5.89
2985.5,5,4.16
2985.5,5,5.13
2985.5,7,6.77
2985.5,8,7.8
2985.5,6,5.89
2986.0,5,5.14
2986.0,8,7.75
2986.0,8,7.74
2986.0,5,5.46
2986.0,6,6.0
2986.5,6,5.95
2986.5,8,7.48
2986.5,8,7.7
2986.5,5,5.45
2986.5,5,5.25
2987.0,8,7.54
2987.0,5,5.27
2987.0,8,7.98
2987.0,5,5.44
2987.0,6,5.92
2987.5,8,7.72
2987.5,6,5.91
2987.5,8,8.0
2987.5,5,5.23
2987.5,6,6.07
2988.0,8,7.65
2988.0,5,5.1
2988.0,8,7.98
2988.0,6,5.99
2988.0,6,6.23
2988.5,8,7.87
2988.5,6,6.08
2988.5,6,6.2
2988.5,8,7.78
2988.5,5,5.09
2989.0,6,6.33
2989.0,4,5.31
2989.0,5,5.01
2989.0,6,6.01
2989.0,8,7.51
2989.5,6,6.18
2989.5,5,5.3
2989.5,5,5.14
2989.5,6,6.53
2989.5,8,7.69
2990.0,5,5.05
2990.0,9,8.72
2990.0,8,7.59
2990.0,6,5.98
2990.0,5,5.18
2990.5,5,5.09
2990.5,8,7.9
2990.5,6,6.08
2990.5,5,5.24
2990.5,9,8.9
2991.0,5,5.0
2991.0,6,5.57
2991.0,8,7.83
2991.0,6,6.16
2991.0,9,8.97
2991.5,9,8.98
2991.5,5,5.03
2991.5,6,5.94
2991.5,6,5.96
2991.5,6,6.14
2992.0,6,5.98
2992.0,9,8.96
2992.0,5,5.36
2992.0,3,3.69
2992.0,6,5.98
2992.5,6,5.99
2992.5,9,8.97
2992.5,5,5.04
2992.5,6,5.81
2992.5,3,3.78
2993.0,9,8.99
2993.0,6,5.11
2993.0,6,5.99
2993.0,5,5.04
2993.0,3,3.52
2993.5,9,8.99
2993.5,5,5.0
2993.5,3,3.39
2993.5,6,6.07
2993.5,6,6.0
2994.0,5,5.05
2994.0,9,8.86
2994.0,3,3.72
2994.0,6,5.96
2994.0,6,6.18
2994.5,6,6.21
2994.5,9,8.95
2994.5,6,6.02
2994.5,5,5.1
2994.5,3,3.49
2995.0,6,6.28
2995.0,9,8.6
2995.0,6,5.78
2995.0,4,4.6
2995.0,5,5.07
2995.5,9,8.85
2995.5,5,5.04
2995.5,8,7.82
2995.5,6,6.18
2995.5,6,5.54
2996.0,8,7.42
2996.0,5,5.12
2996.0,8,8.03
2996.0,5,5.12
2996.0,9,8.7
2996.5,8,7.7
2996.5,8,8.03
2996.5,5,5.13
2996.5,5,5.06
2996.5,9,8.69
2997.0,9,8.66
2997.0,8,7.63
2997.0,8,7.98
2997.0,5,4.9
2997.0,5,5.04
2997.5,8,7.24
2997.5,5,4.96
2997.5,9,8.85
2997.5,8,8.01
2997.5,5,5.02
2998.0,9,8.36
2998.0,8,7.4
2998.0,8,8.05
2998.0,5,4.93
2998.0,5,5.11
2998.5,5,4.86
2998.5,5,5.03
2998.5,8,8.04
2998.5,9,7.81
2998.5,8,6.9
2999.0,8,8.13
2999.0,5,4.85
2999.0,5,5.06
2999.0,8,6.9
2999.0,6,6.41
2999.5,8,7.13
2999.5,6,6.08
2999.5,5,5.23
2999.5,8,7.35
2999.5,5,4.84
3000.0,6,6.06
3000.0,8,7.86
3000.0,5,4.98
3000.0,4,4.31
3000.0,8,7.38
3000.5,5,4.97
3000.5,8,7.93
3000.5,3,3.29
3000.5,6,6.03
3000.5,4,4.36
3001.0,8,7.9
3001.0,6,6.04
3001.0,3,3.29
3001.0,4,4.07
3001.0,5,4.99
3001.5,5,5.06
3001.5,3,3.23
3001.5,4,4.18
3001.5,8,7.75
3001.5,6,6.11
3002.0,3,3.05
3002.0,4,4.31
3002.0,8,7.26
3002.0,8,7.75
3002.0,5,5.02
3002.5,5,4.87
3002.5,8,7.69
3002.5,5,4.97
3002.5,5,4.85
3002.5,3,2.99
3003.0,3,3.55
3003.0,4,4.34
3003.0,8,7.36
3003.0,5,5.01
3003.0,3,3.05
3003.5,3,3.05
3003.5,4,4.26
3003.5,3,3.06
3003.5,5,4.86
3003.5,8,7.51
3004.0,3,3.03
3004.0,3,2.99
3004.0,5,5.05
3004.0,4,4.28
3004.0,8,7.74
3004.5,3,3.04
3004.5,5,5.02
3004.5,3,3.08
3004.5,4,4.2
3004.5,8,7.66
3005.0,3,2.97
3005.0,3,3.07
3005.0,8,7.94
3005.0,8,6.98
3005.0,5,5.09
3005.5,5,4.99
3005.5,8,7.91
3005.5,3,3.31
3005.5,3,2.97
3005.5,8,7.52
3006.0,7,5.59
3006.0,5,4.94
3006.0,3,2.92
3006.0,8,8.0
3006.0,8,7.48
3006.5,3,2.98
3006.5,3,3.38
3006.5,5,4.98
3006.5,8,7.65
3006.5,8,7.81
3007.0,5,4.39
3007.0,8,7.65
3007.0,3,2.99
3007.0,8,7.88
3007.0,5,5.01
3007.5,8,7.96
3007.5,4,5.05
3007.5,5,5.01
3007.5,5,5.03
3007.5,3,2.93
3008.0,5,5.8
3008.0,5,5.01
3008.0,8,7.95
3008.0,3,2.95
3008.0,4,4.98
3008.5,3,3.08
3008.5,5,4.98
3008.5,5,5.41
3008.5,8,8.26
3009.0,5,5.04
3009.0,2,2.29
3009.0,5,5.22
3009.0,8,8.08
3009.5,9,8.91
3009.5,2,2.3
3009.5,5,5.0
3009.5,5,5.19
3009.5,9,8.91
3010.0,2,2.21
3010.0,8,7.28
3010.0,5,5.1
3010.0,9,8.97
3010.0,9,8.97
3010.5,2,2.11
3010.5,9,8.92
3010.5,9,8.92
3010.5,5,5.02
3010.5,8,6.9
3011.0,2,2.02
3011.0,9,8.98
3011.0,9,8.98
3011.0,8,6.51
3011.0,5,4.81
3011.5,5,4.97
3011.5,2,2.05
3011.5,9,8.98
3011.5,6,6.01
3011.5,9,8.98
3012.0,5,4.86
3012.0,9,8.96
3012.0,2,2.05
3012.0,6,6.17
3012.0,9,8.96
3012.5,8,7.22
3012.5,9,8.95
3012.5,2,2.06
3012.5,5,4.72
3012.5,9,8.95
3013.0,8,7.36
3013.0,9,8.87
3013.0,4,4.13
3013.0,2,2.04
3013.0,9,8.87
3013.5,9,8.9
3013.5,3,3.1
3013.5,2,2.0
3013.5,4,3.99
3013.5,9,8.9
3014.0,9,8.59
3014.0,3,2.96
3014.0,9,8.59
3014.0,2,2.02
3014.0,4,3.92
3014.5,6,6.22
3014.5,3,3.03
3014.5,4,3.86
3014.5,2,2.28
3015.0,3,3.43
3015.0,2,2.29
3015.0,4,3.89
3015.0,6,4.85
3015.5,4,3.95
3015.5,2,2.16
3015.5,6,5.21
3015.5,3,3.63
3016.0,6,5.88
3016.0,3,3.54
3016.0,7,6.72
3016.0,2,2.01
3016.5,6,6.01
3016.5,2,2.13
3016.5,7,6.1
3016.5,3,3.27
3017.0,7,6.63
3017.0,3,3.2
3017.0,2,2.09
3017.0,6,5.66
3017.5,2,2.13
3017.5,6,5.86
3017.5,3,3.25
3017.5,7,6.72
3018.0,9,9.0
3018.0,9,9.0
3018.0,3,3.03
3018.0,7,6.68
3018.0,2,2.05
3018.5,2,2.09
3018.5,9,8.9
3018.5,7,6.92
3018.5,9,8.9
3018.5,3,2.98
3019.0,7,7.03
3019.0,2,2.07
3019.0,9,8.99
3019.0,9,8.99
3019.0,3,3.06
3019.5,9,8.99
3019.5,3,3.15
3019.5,9,8.99
3019.5,7,6.71
3019.5,2,2.16
3020.0,9,8.98
3020.0,2,2.07
3020.0,3,2.98
3020.0,9,8.98
3020.0,5,5.55
3020.5,9,8.94
3020.5,3,2.75
3020.5,2,2.06
3020.5,9,8.94
3020.5,6,6.37
3021.0,2,2.05
3021.0,2,2.14
3021.0,8,7.28
3021.0,9,8.93
3021.0,9,8.93
3021.5,9,8.93
3021.5,9,8.93
3021.5,3,3.77
3021.5,2,2.08
3021.5,2,2.05
3022.0,3,2.63
3022.0,9,8.93
3022.0,2,2.2
3022.0,3,2.86
3022.0,9,8.93
3022.5,9,8.69
3022.5,3,2.7
3022.5,2,2.31
3022.5,9,8.69
3022.5,3,2.57
3023.0,2,2.24
3023.0,2,2.03
3023.0,9,8.77
3023.0,2,4.39
3023.0,9,8.77
3023.5,9,8.75
3023.5,2,2.01
3023.5,9,8.75
3023.5,2,2.03
3023.5,8,7.55
3024.0,8,8.21
3024.0,2,2.02
3024.0,2,2.0
3024.0,8,7.33
3024.5,2,2.02
3024.5,2,2.11
3024.5,8,8.09
3024.5,6,6.26
3025.0,2,2.16
3025.0,2,2.21
3025.0,6,6.32
3025.0,8,8.03
3025.5,2,2.56
3025.5,6,6.35
3025.5,2,2.0
3025.5,8,7.83
3026.0,2,2.01
3026.0,6,6.29
3026.0,2,2.0
3026.0,8,7.89
3026.5,2,2.1
3026.5,2,2.08
3026.5,6,6.19
3026.5,8,7.9
3027.0,6,6.57
3027.0,2,2.06
3027.0,2,2.03
3027.0,8,7.83
3027.5,6,6.15
3027.5,2,2.03
3027.5,2,2.03
3027.5,8,7.43
3028.0,2,2.01
3028.0,6,6.17
3028.0,2,2.43
3028.0,8,7.08
3028.5,6,5.98
3028.5,2,2.13
3028.5,3,3.36
3029.0,6,6.0
3029.0,2,2.21
3029.0,8,7.72
3029.5,2,2.09
3029.5,8,8.04
3029.5,6,6.11
3030.0,6,6.06
3030.0,2,2.21
3030.0,6,6.46
3030.5,6,6.35
3030.5,6,5.96
3030.5,2,2.29
3031.0,8,7.78
3031.0,3,3.11
3031.0,6,5.76
3031.5,6,6.39
3031.5,6,5.84
3031.5,8,5.86
3032.0,8,6.71
3032.0,6,5.97
3032.0,7,6.96
3032.5,6,6.09
3032.5,7,7.0
3032.5,8,7.36
3033.0,6,6.09
3033.0,8,7.78
3033.0,7,6.97
3033.5,6,6.01
3033.5,8,7.82
3033.5,7,6.71
3034.0,6,5.98
3034.0,6,5.99
3034.0,8,7.84
3034.5,8,7.94
3034.5,6,5.85
3034.5,6,5.99
3035.0,6,5.96
3035.0,8,7.28
3035.0,8,7.8
3035.5,6,6.12
3035.5,8,7.27
3035.5,8,7.84
3036.0,6,5.93
3036.0,2,2.79
3036.0,5,5.75
3036.5,2,3.28
3036.5,6,6.02
3036.5,5,5.68
3037.0,6,5.99
3037.0,5,5.73
3037.0,2,2.3
3037.5,2,2.5
3037.5,6,5.97
3037.5,5,5.45
3038.0,5,6.23
3038.0,2,2.3
3038.0,6,5.99
3038.5,2,2.27
3038.5,6,5.95
3038.5,5,6.13
3039.0,2,2.15
3039.0,6,5.97
3039.0,5,5.73
3039.5,6,6.08
3039.5,2,2.33
3039.5,4,4.69
3040.0,2,2.33
3040.0,4,4.53
3040.0,6,6.09
3040.5,4,4.73
3040.5,6,6.05
3040.5,2,2.18
3041.0,6,6.01
3041.0,2,2.59
3041.0,5,5.64
3041.5,6,6.14
3041.5,3,3.0
3041.5,6,5.84
3042.0,5,5.24
3042.0,3,3.01
3042.0,6,5.68
3042.5,3,3.11
3042.5,5,5.27
3042.5,6,5.72
3043.0,5,4.69
3043.0,6,5.71
3043.5,5,5.4
3043.5,6,5.73
3044.0,4,4.42
3044.0,8,7.23
3044.0,5,5.4
3044.5,4,4.4
3044.5,5,5.32
3044.5,8,8.17
3045.0,5,5.35
3045.0,6,5.5
3045.0,8,8.05
3045.5,6,5.65
3045.5,5,5.16
3045.5,8,8.03
3046.0,6,5.86
3046.0,8,7.92
3046.0,5,5.1
3046.5,8,7.5
3046.5,5,5.06
3046.5,9,7.67
3047.0,5,5.05
3047.0,9,8.55
3047.0,8,7.37
3047.5,5,5.1
3047.5,8,7.37
3047.5,9,8.76
3048.0,9,8.72
3048.0,5,5.06
3048.0,6,6.24
3048.5,6,6.63
3048.5,5,5.36
3048.5,6,6.28
3049.0,5,5.3
3049.0,6,6.14
3049.0,6,6.25
3049.5,5,5.34
3049.5,6,6.0
3049.5,6,6.23
3050.0,4,4.48
3050.0,4,4.43
3050.0,6,6.05
3050.5,5,5.02
3050.5,4,4.96
3050.5,6,5.33
3051.0,6,6.26
3051.0,6,5.45
3051.0,4,4.11
3051.5,4,4.14
3051.5,8,6.8
3052.0,4,4.02
3052.0,8,6.78
3052.5,4,4.01
3052.5,8,7.32
3053.0,8,7.59
3053.0,4,3.96
3053.5,8,7.22
3053.5,4,4.1
3054.0,4,4.37
3054.0,8,7.23
3054.0,8,7.62
3054.5,8,7.52
3054.5,4,4.28
3054.5,6,5.39
3055.0,8,7.48
3055.0,4,4.3
3055.0,6,5.63
3055.5,6,6.26
3055.5,4,3.94
3055.5,8,6.9
3056.0,6,5.96
3056.0,4,4.05
3056.0,7,6.61
3056.5,6,6.09
3056.5,4,4.21
3056.5,7,5.79
3057.0,4,4.58
3057.0,7,6.37
3057.0,8,6.87
3057.5,7,6.31
3057.5,4,4.37
3058.0,7,6.47
3058.0,4,4.13
3058.5,4,4.16
3058.5,7,6.94
3059.0,7,6.86
3059.0,4,4.25
3059.5,7,6.8
3059.5,4,4.35
3060.0,7,6.63
3060.0,4,4.5
3060.5,8,7.14
3060.5,4,4.55
3061.0,8,7.52
3061.5,9,8.73
3061.5,9,8.73
3062.0,9,8.92
3062.0,9,8.92
3062.5,9,8.97
3062.5,9,8.97
3063.0,9,8.96
3063.0,9,8.96
3063.5,9,9.0
3063.5,9,9.0
3064.0,9,9.0
3064.0,9,9.0
3064.5,9,8.99
3064.5,9,8.99
3065.0,9,9.0
3065.0,9,9.0
3065.5,9,9.0
3065.5,9,9.0
3066.0,9,9.0
3066.0,9,9.0
3066.5,9,9.0
3066.5,9,9.0
3067.0,9,9.0
3067.0,9,9.0
3067.5,9,9.0
3067.5,9,9.0
3068.0,9,8.96
3068.0,9,8.96
3068.5,9,9.0
3068.5,9,9.0
3069.0,9,8.98
3069.0,9,8.98
3069.5,9,8.99
3069.5,9,8.99
3070.0,9,9.0
3070.0,9,9.0
3070.5,9,8.96
3070.5,9,8.96
3071.0,9,9.0
3071.0,9,9.0
3071.5,9,8.99
3071.5,9,8.99
3072.0,9,9.0
3072.0,9,9.0
3072.5,9,9.0
3072.5,9,9.0
3073.0,9,9.0
3073.0,9,9.0
3073.5,9,9.0
3073.5,9,9.0
3074.0,9,9.0
3074.0,9,9.0
3074.5,9,8.99
3074.5,9,8.99
3075.0,9,9.0
3075.0,9,9.0
3075.5,9,9.0
3075.5,9,9.0
3076.0,9,9.0
3076.0,9,9.0
3076.5,9,8.87
3076.5,9,8.87
3077.0,9,8.64
3077.0,9,8.64
3077.5,9,8.62
3077.5,9,8.62
3078.0,9,8.94
3078.0,9,8.94
3078.5,9,8.87
3078.5,9,8.87
3079.0,9,8.82
3079.0,9,8.82
3079.5,9,8.8
3079.5,9,8.8
3080.0,9,8.9
3080.0,9,8.9
3080.5,7,7.7
3081.0,7,7.24
3081.5,7,7.22
3082.0,7,6.94
3082.5,7,6.91
3083.0,7,6.95
3083.5,7,6.89
3084.0,7,6.89
3084.5,7,6.74
3085.0,7,6.74
3085.5,7,6.49
3086.0,6,5.91
3086.5,3,3.34
3087.0,3,3.38
3087.5,3,3.16
3088.0,3,3.17
3088.5,3,3.17
3089.0,3,3.04
3089.5,3,3.13
3090.0,3,3.01
3090.5,3,3.06
3091.0,3,3.01
3091.5,3,2.96
3092.0,3,2.98
3092.5,3,2.92
3093.0,2,2.33
3093.5,2,2.07
3094.0,2,2.0
3094.5,2,2.01
3095.0,2,2.1
3095.5,2,2.39
3096.0,2,2.16
3096.5,2,2.93
3097.0,2,2.28
3097.5,2,2.69
3098.0,2,2.34
3098.5,2,2.0
3099.0,2,2.07
3099.5,2,2.04
3100.0,2,2.4
3100.5,2,2.2
3101.0,8,7.77
3101.5,8,8.11
3102.0,8,8.04
3102.5,8,7.78
3103.0,8,7.85
3103.5,8,8.05
3104.0,9,8.78
3104.0,9,8.78
3104.5,9,8.52
3104.5,9,8.52
3105.0,5,5.75
3105.5,8,7.17
3106.0,5,5.58
3106.5,5,5.69
3107.0,8,7.47
3107.5,6,6.47
3108.0,8,7.45
3108.5,6,6.2
3109.0,6,5.98
3109.5,6,5.91
3110.0,6,6.0
3110.5,6,5.92
3111.0,5,5.08
3111.5,5,5.16
3112.0,6,5.9
3112.5,6,5.98
3113.0,6,6.12
3113.5,6,5.96
3114.0,5,5.37
3114.5,5,5.2
3115.0,6,5.86
3115.5,6,5.93
3116.0,6,5.85
3116.5,5,5.12
3117.0,5,5.05
3117.5,5,5.11
3118.0,5,5.18
3118.5,5,5.07
3119.0,5,5.02
3119.5,5,5.12
3120.0,5,4.85
3120.5,5,5.03
3121.0,5,5.11
3121.5,5,5.0
3122.0,5,5.11
3122.5,5,4.99
