Depth,NM_M_real,NM_M_pre
2573.5,1,1.25
2574.0,1,1.09
2574.5,1,1.01
2575.0,1,1.03
2575.5,1,1.01
2576.0,1,1.0
2576.5,1,1.03
2577.0,1,1.0
2577.5,1,1.03
2578.0,1,1.0
2578.5,1,1.01
2579.0,1,1.0
2579.5,1,1.04
2580.0,1,1.06
2580.5,1,1.05
2581.0,1,1.01
2581.5,1,1.06
2582.0,1,1.01
2582.5,1,1.04
2583.0,1,1.14
2583.5,1,1.06
2584.0,1,1.0
2584.5,1,1.0
2585.0,1,1.0
2585.5,1,1.0558333333333332
2586.0,1,1.04
2586.5,1,1.04
2587.0,1,1.01
2587.5,1,1.04
2588.0,1,1.03
2588.5,1,1.01
2589.0,1,1.02
2589.5,1,1.0
2590.0,1,1.02
2590.5,1,1.0
2591.0,1,1.0
2591.5,1,1.0
2592.0,1,1.0
2592.5,1,1.0
2593.0,1,1.0
2593.5,1,1.02
2594.0,1,1.0
2594.5,1,1.0
2595.0,1,1.03
2595.5,1,1.01
2596.0,1,1.01
2596.5,1,1.0
2597.0,1,1.0
2597.5,1,1.0
2598.0,1,1.0
2598.5,1,1.03
2599.0,1,1.0
2599.5,1,1.05
2600.0,1,1.02
2600.5,1,1.12
2601.0,1,1.0
2601.5,1,1.0
2602.0,1,1.02
2602.5,1,1.0
2603.0,1,1.02
2603.5,1,1.01
2604.0,1,1.0
2604.5,1,1.07
2605.0,1,1.09
2605.5,1,1.08
2606.0,1,1.12
2606.5,1,1.04
2607.0,1,1.01
2607.5,1,1.0
2608.0,1,1.03
2608.5,1,1.06
2609.0,2,1.66
2609.5,2,1.67
2610.0,2,1.8
2610.5,2,1.74
2610.5,1,1.16
2611.0,1,1.11
2611.0,2,1.8
2611.5,2,1.71
2611.5,1,1.15
2612.0,2,1.95
2612.0,1,1.02
2612.5,2,2.0
2612.5,1,1.04
2613.0,2,1.99
2613.0,1,1.04
2613.5,1,1.0
2613.5,2,2.0
2614.0,1,1.01
2614.0,2,2.0
2614.5,2,1.99
2614.5,1,1.06
2615.0,2,1.97
2615.0,1,1.02
2615.5,1,1.01
2615.5,2,1.99
2616.0,2,1.99
2616.0,1,1.04
2616.5,2,2.0
2616.5,1,1.01
2617.0,2,1.99
2617.0,1,1.05
2617.5,2,2.0
2617.5,1,1.01
2618.0,1,1.3
2618.0,2,1.99
2618.5,1,1.41
2618.5,2,1.97
2619.0,2,1.98
2619.0,1,1.04
2619.5,2,2.0
2619.5,1,1.02
2620.0,2,1.99
2620.0,1,1.11
2620.5,1,1.0
2620.5,2,2.0
2621.0,1,1.0
2621.0,2,2.0
2621.5,2,2.0
2621.5,1,1.02
2622.0,1,1.03
2622.0,2,2.0
2622.5,1,1.04
2622.5,2,2.0
2623.0,1,1.14
2623.0,2,1.99
2623.5,2,2.0
2623.5,1,1.28
2624.0,2,2.0
2624.0,1,1.13
2624.5,1,1.09
2624.5,2,2.0
2625.0,2,2.0
2625.0,1,1.13
2625.5,2,2.0
2625.5,1,1.05
2626.0,1,1.01
2626.0,2,1.99
2626.5,1,1.01
2626.5,2,1.96
2627.0,2,2.0
2627.0,1,1.0
2627.5,1,1.0
2627.5,2,2.0
2628.0,1,1.03
2628.0,2,2.0
2628.5,1,1.01
2628.5,2,2.0
2629.0,1,1.02
2629.0,2,2.0
2629.5,2,2.0
2629.5,1,1.0
2630.0,2,1.98
2630.0,1,1.0
2630.5,2,1.95
2630.5,1,1.0
2631.0,1,1.19
2631.0,1,1.0
2631.5,1,1.01
2632.0,1,1.05
2632.5,1,1.03
2632.5,1,1.01
2633.0,1,1.27
2633.0,1,1.05
2633.5,1,1.23
2633.5,1,1.03
2634.0,1,1.0
2634.0,1,1.0
2634.5,1,1.12
2634.5,1,1.0
2635.0,1,1.0
2635.0,1,1.04
2635.5,1,1.0
2635.5,1,1.08
2636.0,1,1.22
2636.0,1,1.0
2636.5,1,1.06
2636.5,1,1.21
2637.0,1,1.28
2637.0,2,1.95
2637.5,1,1.3
2637.5,2,2.0
2638.0,2,2.0
2638.0,1,1.25
2638.5,1,1.3
2638.5,2,2.0
2639.0,2,2.0
2639.0,1,1.18
2639.5,2,2.0
2639.5,1,1.24
2640.0,2,2.0
2640.0,1,1.13
2640.5,2,1.99
2640.5,1,1.04
2641.0,1,1.13
2641.0,2,2.0
2641.5,1,1.02
2641.5,2,1.98
2642.0,1,1.02
2642.0,2,1.98
2642.5,2,1.99
2642.5,1,1.2
2643.0,2,1.99
2643.0,1,1.01
2643.5,1,1.01
2643.5,2,1.76
2644.0,1,1.02
2644.0,2,1.73
2644.5,1,1.14
2644.5,2,1.74
2645.0,2,1.85
2645.0,1,1.07
2645.5,1,1.22
2645.5,2,1.98
2646.0,1,1.15
2646.0,2,2.0
2646.5,1,1.12
2646.5,2,1.9
2647.0,1,1.34
2647.0,2,1.86
2647.5,1,1.23
2647.5,2,1.99
2648.0,1,1.11
2648.0,2,2.0
2648.5,2,1.99
2648.5,1,1.16
2649.0,2,1.99
2649.0,1,1.1
2649.5,2,1.95
2649.5,1,1.09
2650.0,2,2.0
2650.0,1,1.06
2650.5,2,2.0
2650.5,1,1.01
2651.0,2,2.0
2651.0,1,1.03
2651.5,2,2.0
2651.5,1,1.01
2652.0,2,2.0
2652.0,1,1.0
2652.5,1,1.0
2652.5,2,2.0
2653.0,1,1.02
2653.0,2,1.97
2653.5,2,1.94
2653.5,1,1.0
2654.0,1,1.0
2654.0,2,1.75
2654.5,1,1.0
2654.5,2,1.7
2655.0,1,1.0
2655.0,2,1.76
2655.5,2,1.73
2655.5,1,1.06
2656.0,2,1.89
2656.0,1,1.0
2656.5,2,1.75
2656.5,1,1.0
2657.0,2,1.91
2657.0,1,1.03
2657.5,1,1.05
2657.5,2,1.95
2658.0,1,1.06
2658.0,2,1.89
2658.5,1,1.06
2658.5,2,1.74
2659.0,1,1.17
2659.0,2,1.62
2659.5,1,1.02
2659.5,2,1.61
2660.0,1,1.0
2660.0,2,1.67
2660.5,1,1.04
2660.5,2,1.89
2661.0,2,1.99
2661.0,1,1.02
2661.5,1,1.01
2661.5,2,2.0
2662.0,2,2.0
2662.0,1,1.01
2662.5,1,1.22
2662.5,2,1.96
2663.0,2,1.71
2663.0,1,1.02
2663.5,1,1.01
2663.5,2,1.65
2664.0,1,1.055
2664.0,2,1.81
2664.5,2,1.74
2664.5,2,1.54
2665.0,2,1.63
2665.0,2,1.695
2665.5,2,1.66
2665.5,2,1.68
2666.0,2,1.63
2666.0,2,2.0
2666.5,2,1.74
2666.5,2,1.98
2667.0,2,1.65
2667.0,2,2.0
2667.5,2,1.67
2667.5,2,1.97
2668.0,2,2.0
2668.0,2,1.95
2668.5,2,2.0
2668.5,2,2.0
2669.0,2,2.0
2669.0,2,1.95
2669.5,1,1.37
2669.5,2,1.89
2670.0,2,1.91
2670.5,1,1.16
2671.0,1,1.15
2671.0,1,1.23
2671.5,1,1.03
2672.0,1,1.19
2672.0,1,1.02
2672.5,1,1.02
2672.5,1,1.33
2673.0,1,1.4
2673.0,1,1.04
2673.5,1,1.26
2673.5,1,1.02
2674.0,1,1.0666666666666667
2674.0,1,1.34
2674.5,1,1.05
2674.5,1,1.01
2675.0,1,1.046
2675.0,1,1.04
2675.5,1,1.02
2675.5,1,1.02
2676.0,1,1.05
2676.0,1,1.05
2676.5,1,1.02
2676.5,1,1.03
2677.0,1,1.02
2677.0,1,1.15
2677.5,1,1.19
2677.5,1,1.02
2678.0,1,1.04
2678.0,1,1.04
2678.5,1,1.11
2678.5,1,1.1
2679.0,1,1.08
2679.0,1,1.13
2679.5,1,1.18
2679.5,1,1.16
2680.0,1,1.18
2680.0,1,1.04
2680.5,1,1.14
2680.5,1,1.18
2681.0,1,1.09
2681.0,1,1.2
2681.5,1,1.04
2681.5,1,1.18
2682.0,1,1.0
2682.0,1,1.07
2682.5,1,1.23
2682.5,1,1.0
2683.0,1,1.19
2683.0,1,1.02
2683.5,1,1.02
2683.5,1,1.13
2684.0,1,1.0
2684.0,1,1.29
2684.5,1,1.0
2684.5,1,1.07
2685.0,1,1.01
2685.0,1,1.0
2685.5,1,1.03
2685.5,1,1.01
2686.0,1,1.02
2686.0,1,1.0
2686.5,1,1.01
2686.5,1,1.02
2687.0,1,1.04
2687.0,1,1.01
2687.5,1,1.01
2687.5,1,1.05
2688.0,1,1.08
2688.0,1,1.0
2688.5,1,1.0
2688.5,1,1.055
2689.0,1,1.21
2689.0,1,1.04
2689.5,1,1.02
2689.5,1,1.08
2690.0,2,1.87
2690.0,1,1.06
2690.5,1,1.2083333333333335
2690.5,2,2.0
2691.0,1,1.05
2691.0,2,2.0
2691.5,1,1.02
2691.5,2,2.0
2692.0,1,1.03
2692.0,2,2.0
2692.5,2,2.0
2692.5,1,1.06
2693.0,2,2.0
2693.0,1,1.08
2693.5,1,1.18
2693.5,2,2.0
2694.0,2,2.0
2694.0,1,1.12
2694.5,1,1.09
2694.5,2,2.0
2695.0,2,2.0
2695.0,1,1.34
2695.5,2,2.0
2695.5,1,1.1533333333333333
2696.0,1,1.2016666666666667
2696.0,2,2.0
2696.5,2,2.0
2696.5,1,1.4649999999999996
2696.5,2,1.4649999999999996
2697.0,2,2.0
2697.0,1,1.0283333333333333
2697.5,2,1.97
2697.5,1,1.0725
2698.0,2,2.0
2698.0,1,1.07
2698.5,2,2.0
2698.5,1,1.05
2699.0,2,2.0
2699.0,1,1.12
2699.5,2,2.0
2699.5,1,1.07
2700.0,1,1.0
2700.0,2,2.0
2700.5,1,1.0
2700.5,2,1.95
2701.0,1,1.06
2701.0,2,1.79
2701.5,1,1.1
2701.5,1,1.04
2702.0,1,1.15
2702.0,1,1.12
2702.5,1,1.01
2702.5,1,1.03
2703.0,1,1.01
2703.0,1,1.01
2703.5,1,1.0216666666666667
2703.5,1,1.06
2704.0,1,1.03
2704.0,1,1.24
2704.5,1,1.07
2704.5,1,1.29
2705.0,1,1.0
2705.0,1,1.0566666666666666
2705.5,1,1.03
2705.5,1,1.15
2706.0,1,1.04
2706.0,1,1.21
2706.5,1,1.01
2706.5,1,1.04
2707.0,1,1.04
2707.0,1,1.02
2707.5,1,1.05
2707.5,1,1.02
2708.0,1,1.12
2708.0,1,1.01
2708.5,1,1.0
2708.5,1,1.01
2709.0,1,1.01
2709.0,1,1.0
2709.5,1,1.01
2709.5,1,1.01
2710.0,1,1.0466666666666666
2710.0,1,1.02
2710.5,1,1.12
2710.5,1,1.05
2711.0,1,1.07
2711.0,1,1.05
2711.5,1,1.14
2711.5,1,1.01
2712.0,2,1.99
2712.0,1,1.02
2712.5,1,1.06
2712.5,2,2.0
2713.0,1,1.07
2713.0,2,2.0
2713.5,2,2.0
2713.5,1,1.0
2714.0,1,1.01
2714.0,2,2.0
2714.5,2,2.0
2714.5,1,1.0
2715.0,2,2.0
2715.0,1,1.01
2715.5,1,1.0
2715.5,2,2.0
2716.0,2,2.0
2716.0,1,1.06
2716.5,2,2.0
2716.5,1,1.01
2717.0,2,2.0
2717.0,1,1.0
2717.5,2,2.0
2717.5,1,1.02
2718.0,2,2.0
2718.0,1,1.02
2718.5,2,1.98
2718.5,1,1.01
2719.0,2,2.0
2719.0,1,1.11
2719.5,2,2.0
2719.5,1,1.04
2720.0,2,2.0
2720.0,1,1.03
2720.5,2,2.0
2720.5,1,1.01
2721.0,1,1.01
2721.0,2,2.0
2721.5,2,1.94
2721.5,1,1.4690000000000003
2721.5,2,1.4690000000000003
2722.0,1,1.28
2722.0,1,1.01
2722.5,1,1.37
2722.5,1,1.0
2723.0,1,1.03
2723.0,1,1.28
2723.5,1,1.02
2723.5,1,1.01
2724.0,1,1.0
2724.0,1,1.03
2724.5,1,1.03
2724.5,1,1.0
2725.0,1,1.05
2725.0,1,1.0
2725.5,1,1.02
2725.5,1,1.08
2726.0,1,1.32
2726.0,1,1.03
2726.5,1,1.08
2726.5,1,1.06
2727.0,1,1.14
2727.0,1,1.01
2727.5,1,1.06
2727.5,1,1.06
2728.0,1,1.02
2728.0,1,1.1
2728.5,1,1.06
2728.5,1,1.07
2729.0,1,1.02
2729.0,1,1.05
2729.5,1,1.01
2729.5,1,1.07
2730.0,1,1.1
2730.0,1,1.03
2730.5,1,1.03
2730.5,1,1.02
2731.0,1,1.03
2731.0,1,1.0
2731.5,1,1.04
2731.5,1,1.0
2732.0,1,1.07
2732.0,1,1.0
2732.5,1,1.0
2732.5,1,1.01
2733.0,1,1.06
2733.0,1,1.01
2733.5,1,1.04
2733.5,1,1.0
2734.0,1,1.14
2734.0,1,1.07
2734.5,1,1.04
2734.5,1,1.02
2735.0,1,1.03
2735.0,1,1.07
2735.5,1,1.0
2735.5,1,1.04
2736.0,1,1.05
2736.0,1,1.02
2736.5,1,1.01
2736.5,1,1.01
2737.0,1,1.01
2737.0,1,1.0
2737.5,1,1.0
2737.5,1,1.01
2738.0,2,1.77
2738.0,1,1.02
2738.5,2,1.96
2738.5,1,1.05
2739.0,2,2.0
2739.0,1,1.01
2739.5,2,2.0
2739.5,1,1.13
2740.0,2,2.0
2740.0,1,1.0
2740.5,1,1.01
2740.5,2,2.0
2741.0,2,2.0
2741.0,1,1.1
2741.5,2,2.0
2741.5,1,1.02
2742.0,2,1.99
2742.0,1,1.01
2742.5,1,1.21
2742.5,1,1.03
2743.0,1,1.12
2743.0,1,1.01
2743.5,1,1.01
2743.5,1,1.12
2744.0,1,1.02
2744.0,1,1.02
2744.5,1,1.08
2744.5,1,1.04
2745.0,1,1.05
2745.0,1,1.03
2745.5,1,1.0233333333333334
2745.5,1,1.01
2746.0,1,1.02
2746.0,1,1.01
2746.5,1,1.11
2746.5,1,1.0
2747.0,1,1.0
2747.0,1,1.05
2747.5,1,1.05
2747.5,1,1.0
2748.0,1,1.07
2748.0,1,1.0
2748.5,1,1.0
2748.5,1,1.05
2749.0,1,1.14
2749.0,1,1.07
2749.5,1,1.01
2749.5,1,1.01
2750.0,1,1.01
2750.0,2,1.6
2750.5,1,1.03
2750.5,2,1.83
2751.0,2,2.0
2751.0,1,1.02
2751.5,2,2.0
2751.5,1,1.01
2752.0,1,1.02
2752.0,2,2.0
2752.5,1,1.03
2752.5,2,2.0
2753.0,2,2.0
2753.0,1,1.02
2753.5,2,1.99
2753.5,1,1.01
2754.0,2,1.75
2754.0,1,1.3825
2754.5,2,1.76
2754.5,2,1.3825
2755.0,2,1.7
2755.5,2,1.88
2756.0,2,2.0
2756.5,2,2.0
2757.0,2,2.0
2757.0,1,1.0
2757.5,1,1.44
2757.5,1,1.0
2758.0,1,1.32
2758.0,1,1.03
2758.5,1,1.0
2758.5,1,1.31
2759.0,1,1.03
2759.0,1,1.03
2759.5,1,1.01
2759.5,1,1.0
2760.0,1,1.0
2760.0,1,1.0
2760.5,1,1.08
2760.5,1,1.0
2761.0,1,1.02
2761.0,1,1.04
2761.5,1,1.01
2761.5,1,1.04
2762.0,1,1.03
2762.0,1,1.11
2762.5,1,1.03
2762.5,1,1.0
2763.0,1,1.1
2763.0,1,1.24
2763.5,1,1.0
2763.5,2,1.8
2764.0,1,1.0
2764.0,2,2.0
2764.5,1,1.015
2764.5,2,2.0
2765.0,2,2.0
2765.0,1,1.04
2765.5,2,2.0
2765.5,1,1.01
2766.0,2,2.0
2766.0,1,1.06
2766.5,2,2.0
2766.5,1,1.05
2767.0,2,2.0
2767.0,2,1.79
2767.5,2,2.0
2767.5,2,1.89
2768.0,2,2.0
2768.0,2,2.0
2768.5,2,1.98
2768.5,2,2.0
2769.0,2,2.0
2769.0,2,1.94
2769.5,2,2.0
2769.5,2,1.71
2770.0,2,2.0
2770.0,2,1.68
2770.5,2,1.88
2770.5,2,1.83
2771.0,2,1.86
2771.0,2,1.71
2771.5,2,2.0
2771.5,2,1.95
2772.0,2,1.88
2772.0,2,2.0
2772.5,2,2.0
2772.5,2,1.82
2773.0,2,1.63
2773.0,2,1.75
2773.5,2,1.86
2773.5,2,1.69
2774.0,2,1.77
2774.0,2,1.63
2774.5,2,2.0
2774.5,1,1.02
2774.5,2,1.72
2775.0,2,2.0
2775.0,1,1.05
2775.0,2,1.64
2775.5,2,2.0
2775.5,1,1.05
2775.5,2,1.61
2776.0,2,2.0
2776.0,1,1.06
2776.0,2,1.71
2776.5,1,1.0
2776.5,2,1.6
2776.5,2,2.0
2777.0,1,1.3
2777.0,2,1.98
2777.0,1,1.0
2777.5,2,1.8
2777.5,1,1.0
2777.5,1,1.03
2778.0,2,1.57
2778.0,1,1.0
2778.0,1,1.01
2778.5,2,1.88
2778.5,1,1.07
2778.5,1,1.03
2779.0,1,1.06
2779.0,1,1.02
2779.0,2,1.71
2779.5,1,1.01
2779.5,1,1.02
2779.5,2,1.83
2780.0,1,1.04
2780.0,2,1.93
2780.0,1,1.01
2780.5,2,1.88
2780.5,1,1.0
2780.5,1,1.08
2781.0,1,1.04
2781.0,1,1.02
2781.0,2,1.4004999999999999
2781.5,1,1.02
2781.5,1,1.4004999999999999
2781.5,1,1.0
2782.0,1,1.02
2782.0,1,1.0
2782.0,1,1.02
2782.5,1,1.01
2782.5,1,1.05
2782.5,1,1.005
2783.0,1,1.13
2783.0,1,1.08
2783.5,1,1.0
2783.5,1,1.0
2784.0,1,1.05
2784.0,1,1.0
2784.5,1,1.06
2784.5,1,1.03
2785.0,1,1.0
2785.0,1,1.02
2785.5,1,1.0
2785.5,1,1.0
2786.0,1,1.06
2786.0,1,1.0
2786.5,1,1.0
2786.5,1,1.01
2787.0,1,1.0
2787.0,1,1.17
2787.5,1,1.0
2787.5,1,1.15
2788.0,1,1.0
2788.0,1,1.03
2788.0,1,1.0
2788.5,1,1.0
2788.5,1,1.0
2789.0,1,1.0
2789.0,1,1.03
2789.5,1,1.01
2789.5,1,1.0
2790.0,1,1.02
2790.0,1,1.01
2790.5,1,1.0
2790.5,1,1.05
2791.0,1,1.0
2791.0,1,1.03
2791.5,1,1.0
2791.5,1,1.02
2792.0,1,1.0
2792.0,1,1.0
2792.5,1,1.0
2792.5,1,1.02
2793.0,1,1.0
2793.0,1,1.02
2793.0,1,1.0
2793.5,1,1.01
2793.5,1,1.0
2793.5,1,1.11
2793.5,1,1.03
2794.0,1,1.03
2794.0,1,1.06
2794.0,1,1.04
2794.0,1,1.0
2794.5,1,1.0
2794.5,1,1.0
2794.5,1,1.0
2794.5,1,1.1
2795.0,1,1.12
2795.0,1,1.04
2795.0,1,1.01
2795.0,1,1.06
2795.5,1,1.12
2795.5,1,1.13
2795.5,1,1.0
2795.5,1,1.02
2796.0,1,1.03
2796.0,1,1.2275
2796.0,1,1.04
2796.0,1,1.02
2796.5,1,1.0
2796.5,1,1.01
2796.5,1,1.04
2796.5,1,1.02
2797.0,1,1.0175
2797.0,1,1.07
2797.0,1,1.0
2797.0,1,1.02
2797.5,1,1.0
2797.5,1,1.0
2797.5,1,1.0
2797.5,1,1.02
2798.0,1,1.0
2798.0,1,1.02
2798.0,1,1.04
2798.0,1,1.01
2798.5,1,1.1
2798.5,1,1.02
2798.5,1,1.0
2798.5,1,1.08
2799.0,1,1.17
2799.0,1,1.01
2799.0,1,1.0
2799.0,1,1.06
2799.5,1,1.0
2799.5,1,1.0
2799.5,1,1.02
2799.5,1,1.08
2800.0,1,1.03
2800.0,1,1.03
2800.0,1,1.0
2800.0,1,1.01
2800.5,1,1.0
2800.5,1,1.0
2800.5,1,1.0
2800.5,1,1.01
2801.0,1,1.0
2801.0,1,1.0
2801.0,1,1.0
2801.0,1,1.01
2801.5,1,1.12
2801.5,1,1.11
2801.5,1,1.01
2801.5,1,1.0
2802.0,1,1.01
2802.0,1,1.01
2802.0,1,1.02
2802.0,1,1.0
2802.5,1,1.02
2802.5,1,1.0
2802.5,1,1.02
2802.5,1,1.0
2803.0,1,1.04
2803.0,1,1.01
2803.0,1,1.05
2803.0,1,1.01
2803.5,1,1.0
2803.5,1,1.0
2803.5,1,1.02
2803.5,1,1.01
2804.0,1,1.01
2804.0,1,1.01
2804.0,1,1.06
2804.0,1,1.0
2804.5,1,1.01
2804.5,1,1.01
2804.5,1,1.0
2804.5,1,1.0
2805.0,1,1.03
2805.0,1,1.0
2805.0,1,1.02
2805.0,1,1.0
2805.5,1,1.4095
2805.5,1,1.09
2805.5,1,1.02
2805.5,1,1.0
2806.0,2,1.4095
2806.0,1,1.02
2806.0,1,1.02
2806.5,1,1.06
2806.5,1,1.03
2807.0,1,1.0
2807.0,2,1.94
2807.0,1,1.0
2807.5,1,1.01
2807.5,1,1.0
2807.5,2,2.0
2808.0,1,1.03
2808.0,1,1.0
2808.0,2,1.74
2808.0,2,2.0
2808.5,2,1.96
2808.5,2,2.0
2808.5,1,1.0
2808.5,1,1.0
2809.0,2,1.96
2809.0,2,2.0
2809.0,1,1.01
2809.5,2,2.0
2809.5,2,1.99
2809.5,1,1.175
2810.0,1,1.34
2810.0,2,1.99
2810.0,2,2.0
2810.5,2,2.0
2810.5,2,1.95
2810.5,2,2.0
2810.5,1,1.17
2811.0,1,1.0
2811.0,2,2.0
2811.0,2,2.0
2811.0,2,2.0
2811.5,2,1.99
2811.5,1,1.0
2811.5,2,2.0
2811.5,2,2.0
2812.0,2,2.0
2812.0,1,1.0
2812.0,2,2.0
2812.0,2,2.0
2812.5,1,1.0
2812.5,2,2.0
2812.5,2,2.0
2812.5,2,2.0
2813.0,2,2.0
2813.0,2,2.0
2813.0,1,1.0933333333333335
2813.0,2,2.0
2813.5,1,1.0
2813.5,2,2.0
2813.5,2,2.0
2813.5,2,2.0
2814.0,2,2.0
2814.0,2,2.0
2814.0,1,1.0
2814.0,2,2.0
2814.5,2,2.0
2814.5,2,2.0
2814.5,2,2.0
2814.5,2,1.83
2815.0,2,1.99
2815.0,2,2.0
2815.0,2,2.0
2815.0,2,2.0
2815.5,2,2.0
2815.5,2,2.0
2815.5,2,2.0
2815.5,2,2.0
2816.0,2,2.0
2816.0,2,2.0
2816.0,2,2.0
2816.0,2,2.0
2816.5,2,2.0
2816.5,2,2.0
2816.5,2,1.91
2816.5,2,2.0
2817.0,2,2.0
2817.0,2,2.0
2817.0,2,2.0
2817.0,2,2.0
2817.5,2,2.0
2817.5,2,1.99
2817.5,2,2.0
2817.5,2,2.0
2818.0,2,2.0
2818.0,2,2.0
2818.0,2,2.0
2818.0,2,2.0
2818.5,2,2.0
2818.5,2,2.0
2818.5,2,1.85
2818.5,2,2.0
2819.0,2,2.0
2819.0,2,1.85
2819.0,2,2.0
2819.0,2,2.0
2819.5,2,1.99
2819.5,2,2.0
2819.5,2,1.99
2819.5,2,2.0
2820.0,2,2.0
2820.0,2,1.98
2820.0,2,2.0
2820.0,2,2.0
2820.5,2,2.0
2820.5,2,2.0
2820.5,2,1.98
2820.5,2,1.96
2821.0,2,2.0
2821.0,2,2.0
2821.0,2,2.0
2821.0,2,1.98
2821.5,2,2.0
2821.5,2,1.99
2821.5,2,1.98
2821.5,2,1.89
2822.0,2,1.67
2822.0,2,2.0
2822.0,2,2.0
2822.0,2,2.0
2822.5,2,1.91
2822.5,2,2.0
2822.5,2,2.0
2822.5,2,2.0
2823.0,2,1.98
2823.0,2,2.0
2823.0,2,2.0
2823.0,2,2.0
2823.5,2,1.98
2823.5,2,2.0
2823.5,2,2.0
2823.5,2,2.0
2824.0,2,1.97
2824.0,2,1.99
2824.0,2,1.82
2824.0,2,2.0
2824.5,2,2.0
2824.5,2,2.0
2824.5,2,2.0
2824.5,2,1.9
2825.0,2,2.0
2825.0,2,2.0
2825.0,2,1.68
2825.0,2,2.0
2825.5,2,2.0
2825.5,2,2.0
2825.5,2,1.86
2825.5,2,2.0
2826.0,1,1.04
2826.0,2,2.0
2826.0,2,2.0
2826.0,2,1.68
2826.0,2,1.94
2826.5,2,2.0
2826.5,2,2.0
2826.5,1,1.01
2826.5,1,1.08
2826.5,2,1.97
2827.0,1,1.05
2827.0,2,1.97
2827.0,2,2.0
2827.0,1,1.05
2827.0,2,2.0
2827.5,2,2.0
2827.5,1,1.02
2827.5,1,1.0
2827.5,2,2.0
2827.5,2,1.99
2828.0,2,1.97
2828.0,1,1.07
2828.0,1,1.02
2828.0,2,1.99
2828.0,2,2.0
2828.5,2,2.0
2828.5,1,1.0
2828.5,2,2.0
2828.5,1,1.06
2828.5,2,2.0
2829.0,1,1.04
2829.0,1,1.02
2829.0,2,2.0
2829.0,2,2.0
2829.0,2,2.0
2829.5,2,2.0
2829.5,1,1.0
2829.5,2,1.99
2829.5,1,1.01
2829.5,2,2.0
2830.0,2,2.0
2830.0,1,1.07
2830.0,1,1.0
2830.0,2,2.0
2830.0,2,2.0
2830.5,2,2.0
2830.5,1,1.0
2830.5,2,2.0
2830.5,1,1.05
2830.5,2,2.0
2831.0,2,2.0
2831.0,2,1.99
2831.0,1,1.02
2831.0,1,1.04
2831.0,2,2.0
2831.5,1,1.0
2831.5,2,2.0
2831.5,1,1.08
2831.5,2,2.0
2831.5,2,1.98
2832.0,2,2.0
2832.0,2,2.0
2832.0,1,1.03
2832.0,1,1.01
2832.0,2,2.0
2832.5,2,2.0
2832.5,1,1.01
2832.5,2,2.0
2832.5,2,2.0
2832.5,1,1.03
2833.0,1,1.05
2833.0,2,2.0
2833.0,1,1.01
2833.0,2,1.72
2833.0,2,2.0
2833.5,1,1.01
2833.5,2,2.0
2833.5,2,1.97
2833.5,2,2.0
2833.5,1,1.05
2834.0,1,1.17
2834.0,2,1.82
2834.0,2,1.99
2834.0,1,1.07
2834.0,2,2.0
2834.5,2,1.89
2834.5,1,1.24
2834.5,2,2.0
2834.5,1,1.25
2835.0,1,1.39
2835.0,1,1.38
2835.0,1,1.32
2835.0,2,1.86
2835.5,1,1.21
2835.5,1,1.17
2835.5,2,1.94
2835.5,1,1.3475
2836.0,1,1.225
2836.0,1,1.38
2836.0,1,1.24
2836.0,2,1.94
2836.5,2,2.0
2836.5,1,1.19
2836.5,1,1.42
2836.5,1,1.19
2837.0,2,2.0
2837.0,1,1.1
2837.0,1,1.29
2837.0,2,1.64
2837.0,1,1.01
2837.5,2,2.0
2837.5,2,1.62
2837.5,1,1.17
2837.5,1,1.23
2837.5,1,1.0
2838.0,1,1.01
2838.0,2,1.89
2838.0,2,1.72
2838.0,1,1.26
2838.0,1,1.29
2838.5,1,1.24
2838.5,2,1.71
2838.5,2,1.87
2838.5,1,1.09
2838.5,1,1.05
2839.0,1,1.29
2839.0,1,1.0
2839.0,1,1.04
2839.0,2,1.89
2839.0,2,1.7
2839.5,2,1.99
2839.5,1,1.22
2839.5,2,1.94
2839.5,1,1.01
2839.5,1,1.04
2840.0,1,1.17
2840.0,2,1.76
2840.0,2,1.99
2840.0,1,1.04
2840.0,1,1.29
2840.5,2,2.0
2840.5,1,1.03
2840.5,1,1.2966666666666669
2840.5,2,1.68
2840.5,1,1.35
2841.0,1,1.1575
2841.0,2,2.0
2841.0,2,1.98
2841.0,1,1.1
2841.0,1,1.11
2841.5,2,2.0
2841.5,2,1.92
2841.5,1,1.14
2841.5,1,1.12
2841.5,1,1.02
2842.0,1,1.0391666666666666
2842.0,2,1.99
2842.0,1,1.1
2842.0,1,1.07
2842.5,1,1.07
2842.5,1,1.06
2842.5,1,1.05
2843.0,1,1.01
2843.0,1,1.09
2843.0,2,2.0
2843.0,1,1.04
2843.5,2,2.0
2843.5,1,1.05
2843.5,1,1.0
2843.5,1,1.14
2844.0,1,1.07
2844.0,1,1.01
2844.0,1,1.0
2844.5,1,1.04
2844.5,1,1.01
2844.5,1,1.03
2845.0,1,1.01
2845.0,1,1.0
2845.0,2,1.72
2845.5,1,1.0
2845.5,2,1.85
2845.5,1,1.0
2846.0,1,1.0
2846.0,2,1.84
2846.0,1,1.0
2846.5,2,1.82
2846.5,1,1.0033333333333334
2846.5,1,1.0
2847.0,1,1.02
2847.0,1,1.0
2847.0,1,1.29
2847.5,1,1.02
2847.5,1,1.0
2847.5,2,2.0
2848.0,1,1.01
2848.0,1,1.03
2848.0,2,2.0
2848.5,1,1.0
2848.5,1,1.01
2848.5,2,2.0
2849.0,1,1.07
2849.0,2,2.0
2849.0,1,1.0
2849.5,1,1.08
2849.5,2,2.0
2849.5,1,1.0
2850.0,1,1.15
2850.0,2,2.0
2850.0,1,1.05
2850.5,1,1.05
2850.5,2,2.0
2850.5,1,1.04
2851.0,2,2.0
2851.0,1,1.01
2851.5,2,1.99
2851.5,1,1.01
2852.0,1,1.01
2852.0,2,2.0
2852.5,2,1.99
2852.5,2,1.98
2852.5,1,1.0
2853.0,2,2.0
2853.0,2,1.95
2853.0,1,1.0
2853.5,2,1.825
2853.5,1,1.1
2853.5,2,2.0
2853.5,1,1.03
2854.0,2,1.67
2854.0,1,1.0
2854.0,1,1.01
2854.0,2,2.0
2854.5,2,1.61
2854.5,2,2.0
2854.5,1,1.0
2854.5,1,1.0
2855.0,2,2.0
2855.0,1,1.03
2855.0,1,1.03
2855.0,2,1.73
2855.5,2,2.0
2855.5,1,1.04
2855.5,2,1.59
2855.5,1,1.01
2856.0,1,1.03
2856.0,1,1.0
2856.0,2,1.72
2856.0,2,2.0
2856.5,1,1.08
2856.5,2,2.0
2856.5,1,1.09
2856.5,2,1.99
2857.0,2,1.89
2857.0,1,1.02
2857.0,1,1.07
2857.0,2,2.0
2857.5,1,1.03
2857.5,1,1.24
2857.5,1,1.13
2857.5,2,1.97
2858.0,1,1.0
2858.0,2,1.94
2858.0,1,1.09
2858.0,1,1.2
2858.5,2,2.0
2858.5,1,1.0
2858.5,1,1.02
2859.0,2,1.82
2859.0,1,1.23
2859.0,2,2.0
2859.0,1,1.08
2859.5,2,2.0
2859.5,2,2.0
2859.5,1,1.17
2859.5,1,1.17
2860.0,2,2.0
2860.0,1,1.03
2860.0,2,2.0
2860.0,1,1.0916666666666668
2860.5,1,1.04
2860.5,2,2.0
2860.5,2,2.0
2860.5,1,1.04
2861.0,1,1.01
2861.0,2,2.0
2861.0,1,1.12
2861.0,2,2.0
2861.5,2,2.0
2861.5,2,1.99
2861.5,1,1.19
2861.5,1,1.05
2862.0,2,2.0
2862.0,1,1.04
2862.0,1,1.03
2862.0,2,2.0
2862.5,1,1.0
2862.5,2,1.99
2862.5,1,1.14
2862.5,2,2.0
2863.0,2,2.0
2863.0,1,1.05
2863.0,2,2.0
2863.0,1,1.0
2863.5,2,2.0
2863.5,1,1.02
2863.5,1,1.16
2863.5,2,1.99
2864.0,2,2.0
2864.0,1,1.14
2864.0,1,1.03
2864.0,2,2.0
2864.5,2,1.91
2864.5,1,1.07
2864.5,1,1.04
2864.5,2,2.0
2865.0,2,1.84
2865.0,1,1.03
2865.0,2,2.0
2865.0,1,1.09
2865.5,1,1.0
2865.5,2,2.0
2865.5,1,1.02
2865.5,2,1.84
2866.0,2,1.78
2866.0,2,2.0
2866.0,1,1.06
2866.0,1,1.1016666666666666
2866.5,2,1.99
2866.5,1,1.05
2866.5,2,1.81
2866.5,1,1.01
2867.0,2,2.0
2867.0,2,1.85
2867.0,1,1.02
2867.0,1,1.0
2867.5,2,2.0
2867.5,2,1.77
2867.5,1,1.06
2867.5,1,1.0
2868.0,2,1.73
2868.0,1,1.11
2868.0,1,1.38
2868.0,1,1.01
2868.5,1,1.07
2868.5,1,1.01
2868.5,1,1.35
2868.5,2,1.6
2869.0,1,1.22
2869.0,2,1.76
2869.0,1,1.0
2869.0,1,1.34
2869.5,2,1.8
2869.5,1,1.29
2869.5,1,1.04
2869.5,1,1.34
2870.0,1,1.07
2870.0,1,1.1566666666666665
2870.0,1,1.3
2870.0,2,1.84
2870.5,2,1.77
2870.5,1,1.02
2870.5,1,1.12
2870.5,1,1.03
2871.0,1,1.0
2871.0,1,1.0
2871.0,2,1.82
2871.0,1,1.01
2871.5,1,1.02
2871.5,1,1.04
2871.5,2,1.7
2871.5,1,1.0
2872.0,1,1.01
2872.0,1,1.02
2872.0,1,1.01
2872.0,2,1.83
2872.5,1,1.02
2872.5,1,1.14
2872.5,1,1.01
2872.5,2,1.72
2873.0,1,1.0
2873.0,2,1.76
2873.0,1,1.02
2873.0,2,1.97
2873.5,2,1.85
2873.5,2,1.99
2873.5,1,1.0
2873.5,1,1.01
2874.0,2,1.99
2874.0,1,1.01
2874.0,2,1.87
2874.0,1,1.01
2874.5,1,1.0
2874.5,1,1.0
2874.5,2,2.0
2874.5,2,1.8
2875.0,2,1.98
2875.0,2,1.89
2875.0,1,1.0
2875.0,1,1.01
2875.5,2,1.85
2875.5,1,1.01
2875.5,2,1.99
2875.5,2,1.66
2876.0,2,1.75
2876.0,1,1.07
2876.0,2,1.72
2876.0,2,1.95
2876.5,1,1.05
2876.5,1,1.1
2876.5,2,1.67
2876.5,2,1.75
2877.0,2,1.71
2877.0,1,1.0366666666666666
2877.0,1,1.18
2877.0,2,1.65
2877.5,2,1.63
2877.5,1,1.04
2877.5,1,1.18
2877.5,2,1.79
2878.0,1,1.08
2878.0,2,1.59
2878.0,2,1.8
2878.0,1,1.02
2878.5,2,1.95
2878.5,1,1.05
2878.5,2,1.68
2878.5,1,1.04
2879.0,2,1.99
2879.0,1,1.19
2879.0,2,1.7
2879.0,1,1.07
2879.5,2,1.96
2879.5,2,1.71
2879.5,1,1.04
2879.5,1,1.05
2880.0,1,1.12
2880.0,2,1.585
2880.0,2,1.84
2880.0,1,1.01
2880.5,2,1.59
2880.5,2,1.85
2880.5,1,1.0
2880.5,1,1.16
2881.0,1,1.03
2881.0,2,1.74
2881.0,2,1.62
2881.0,1,1.18
2881.5,2,1.88
2881.5,2,1.67
2881.5,1,1.12
2881.5,1,1.04
2882.0,2,1.8
2882.0,2,1.73
2882.0,2,1.65
2882.0,1,1.19
2882.5,2,2.0
2882.5,2,1.66
2882.5,1,1.0
2882.5,2,1.68
2883.0,2,1.74
2883.0,2,2.0
2883.0,1,1.03
2883.0,2,1.92
2883.5,1,1.02
2883.5,2,2.0
2883.5,2,1.74
2883.5,2,1.85
2884.0,1,1.0
2884.0,2,1.66
2884.0,2,2.0
2884.0,2,2.0
2884.5,2,1.66
2884.5,1,1.03
2884.5,2,2.0
2884.5,2,2.0
2885.0,2,2.0
2885.0,2,1.81
2885.0,2,2.0
2885.0,1,1.0
2885.5,2,2.0
2885.5,2,1.85
2885.5,2,1.7
2885.5,1,1.09
2886.0,2,2.0
2886.0,2,1.95
2886.0,2,1.77
2886.0,1,1.03
2886.5,2,2.0
2886.5,2,1.68
2886.5,2,1.69
2886.5,1,1.02
2887.0,2,2.0
2887.0,2,1.76
2887.0,2,1.7125
2887.0,1,1.04
2887.5,1,1.0
2887.5,2,1.81
2887.5,2,1.71
2887.5,2,2.0
2888.0,1,1.0
2888.0,2,1.81
2888.0,2,1.85
2888.0,2,2.0
2888.5,1,1.07
2888.5,1,1.0
2888.5,2,2.0
2888.5,2,1.84
2889.0,2,2.0
2889.0,1,1.0
2889.0,1,1.01
2889.0,2,1.85
2889.5,1,1.0
2889.5,1,1.03
2889.5,2,1.94
2889.5,2,2.0
2890.0,1,1.18
2890.0,2,1.94
2890.0,1,1.01
2890.0,1,1.02
2890.5,1,1.03
2890.5,1,1.03
2890.5,2,1.88
2890.5,1,1.01
2891.0,1,1.23
2891.0,2,1.71
2891.0,1,1.01
2891.0,1,1.04
2891.5,2,1.64
2891.5,1,1.04
2891.5,1,1.15
2891.5,1,1.0
2892.0,1,1.0
2892.0,2,1.98
2892.0,1,1.01
2892.0,1,1.12
2892.5,1,1.03
2892.5,1,1.05
2892.5,2,1.97
2892.5,1,1.03
2893.0,1,1.0
2893.0,2,1.94
2893.0,1,1.08
2893.0,1,1.03
2893.5,1,1.06
2893.5,1,1.01
2893.5,2,1.97
2893.5,1,1.01
2894.0,1,1.02
2894.0,1,1.0
2894.0,2,2.0
2894.0,1,1.02
2894.5,2,1.91
2894.5,1,1.03
2894.5,1,1.02
2894.5,1,1.02
2895.0,1,1.12
2895.0,1,1.0
2895.0,1,1.03
2895.0,2,1.94
2895.5,1,1.29
2895.5,1,1.01
2895.5,1,1.05
2895.5,2,1.99
2896.0,1,1.0
2896.0,2,1.96
2896.0,1,1.4
2896.0,1,1.02
2896.5,1,1.19
2896.5,1,1.0
2896.5,2,1.99
2896.5,1,1.1
2897.0,2,1.98
2897.0,1,1.0
2897.0,1,1.16
2897.0,1,1.01
2897.5,1,1.12
2897.5,1,1.02
2897.5,1,1.0333333333333334
2897.5,2,1.97
2898.0,2,1.95
2898.0,1,1.26
2898.0,1,1.0
2898.5,1,1.09
2898.5,2,2.0
2898.5,1,1.01
2899.0,2,1.93
2899.0,1,1.15
2899.0,1,1.0356666666666667
2899.5,2,1.86
2899.5,1,1.11
2899.5,1,1.012
2899.5,1,1.02
2900.0,2,1.65
2900.0,1,1.14
2900.0,1,1.0
2900.0,1,1.05
2900.5,1,1.04
2900.5,2,1.77
2900.5,1,1.17
2900.5,1,1.04
2901.0,1,1.02
2901.0,2,1.7
2901.0,1,1.03
2901.0,1,1.0516666666666667
2901.5,1,1.15
2901.5,2,1.68
2901.5,1,1.01
2901.5,1,1.0566666666666666
2902.0,1,1.23
2902.0,2,1.92
2902.0,1,1.01
2902.0,1,1.11
2902.5,1,1.07
2902.5,1,1.03
2902.5,2,1.99
2902.5,1,1.29
2903.0,2,1.99
2903.0,1,1.22
2903.0,1,1.03
2903.0,1,1.08
2903.5,1,1.0233333333333334
2903.5,2,1.99
2903.5,1,1.35
2903.5,1,1.15
2904.0,2,1.75
2904.0,1,1.05
2904.0,1,1.6309999999999993
2904.0,1,1.0
2904.5,1,1.01
2904.5,2,1.85
2904.5,2,1.6309999999999993
2904.5,1,1.02
2905.0,1,1.0
2905.0,2,1.74
2905.0,2,1.62
2905.0,2,1.9966666666666668
2905.5,1,1.0
2905.5,2,2.0
2905.5,1,1.1
2905.5,2,2.0
2906.0,1,1.1
2906.0,2,2.0
2906.0,1,1.23
2906.0,2,2.0
2906.5,2,2.0
2906.5,1,1.155
2906.5,2,2.0
2906.5,1,1.0
2907.0,1,1.17
2907.0,1,1.04
2907.0,2,2.0
2907.0,2,2.0
2907.5,1,1.0
2907.5,2,2.0
2907.5,1,1.0
2907.5,2,2.0
2908.0,1,1.04
2908.0,1,1.0
2908.0,2,2.0
2908.0,2,2.0
2908.5,1,1.03
2908.5,1,1.0
2908.5,2,2.0
2908.5,2,2.0
2909.0,2,2.0
2909.0,1,1.0
2909.0,2,2.0
2909.0,1,1.03
2909.5,1,1.02
2909.5,1,1.0
2909.5,2,2.0
2909.5,2,2.0
2910.0,2,2.0
2910.0,1,1.04
2910.0,1,1.03
2910.0,2,2.0
2910.5,2,2.0
2910.5,2,2.0
2910.5,1,1.01
2910.5,1,1.02
2911.0,2,2.0
2911.0,1,1.0
2911.0,1,1.08
2911.0,1,1.1
2911.5,1,1.04
2911.5,2,2.0
2911.5,1,1.02
2911.5,1,1.03
2912.0,2,2.0
2912.0,1,1.0
2912.0,1,1.07
2912.0,1,1.12
2912.5,1,1.18
2912.5,1,1.2
2912.5,1,1.0
2912.5,2,1.95
2913.0,1,1.0
2913.0,1,1.0
2913.0,1,1.02
2913.0,2,2.0
2913.5,1,1.01
2913.5,1,1.13
2913.5,1,1.05
2913.5,2,2.0
2914.0,1,1.05
2914.0,1,1.02
2914.0,2,1.9341666666666666
2914.0,2,2.0
2914.0,1,1.18
2914.5,1,1.07
2914.5,2,2.0
2914.5,1,1.0
2914.5,1,1.02
2914.5,2,2.0
2915.0,2,2.0
2915.0,1,1.0
2915.0,2,1.99
2915.0,1,1.11
2915.0,1,1.0
2915.5,1,1.01
2915.5,1,1.26
2915.5,1,1.01
2915.5,2,2.0
2915.5,2,1.92
2916.0,1,1.19
2916.0,1,1.01
2916.0,2,2.0
2916.0,1,1.0
2916.5,1,1.0
2916.5,1,1.03
2916.5,1,1.03
2916.5,2,2.0
2917.0,1,1.0
2917.0,1,1.0
2917.0,1,1.02
2917.0,2,1.99
2917.5,1,1.01
2917.5,2,2.0
2917.5,1,1.05
2917.5,1,1.0
2917.5,1,1.0
2918.0,1,1.01
2918.0,2,1.99
2918.0,1,1.03
2918.0,1,1.09
2918.0,1,1.03
2918.5,1,1.05
2918.5,2,1.9166666666666665
2918.5,1,1.02
2918.5,1,1.06
2918.5,1,1.18
2919.0,2,2.0
2919.0,1,1.01
2919.0,1,1.01
2919.0,1,1.0
2919.0,1,1.15
2919.5,2,2.0
2919.5,1,1.02
2919.5,1,1.08
2919.5,1,1.19
2919.5,1,1.0
2920.0,1,1.04
2920.0,2,1.9503333333333333
2920.0,1,1.0
2920.0,1,1.15
2920.0,1,1.02
2920.5,1,1.0
2920.5,1,1.1
2920.5,2,1.84
2920.5,1,1.01
2920.5,1,1.04
2921.0,1,1.02
2921.0,1,1.01
2921.0,2,1.68
2921.0,1,1.09
2921.0,1,1.03
2921.5,1,1.11
2921.5,2,1.81
2921.5,1,1.05
2921.5,1,1.04
2921.5,1,1.03
2922.0,1,1.03
2922.0,2,1.84
2922.0,1,1.28
2922.0,1,1.02
2922.0,1,1.04
2922.5,1,1.0
2922.5,1,1.02
2922.5,2,2.0
2922.5,2,1.95
2922.5,1,1.01
2923.0,2,1.95
2923.0,1,1.0166666666666666
2923.0,1,1.04
2923.0,1,1.08
2923.0,2,2.0
2923.5,1,1.02
2923.5,2,1.63
2923.5,2,2.0
2923.5,1,1.01
2924.0,1,1.09
2924.0,1,1.03
2924.0,1,1.35
2924.0,2,2.0
2924.0,1,1.0
2924.5,2,2.0
2924.5,1,1.07
2924.5,2,2.0
2924.5,1,1.01
2924.5,1,1.2
2925.0,2,2.0
2925.0,2,2.0
2925.0,1,1.0
2925.0,1,1.01
2925.0,1,1.0116666666666667
2925.5,2,2.0
2925.5,1,1.0
2925.5,2,2.0
2925.5,2,2.0
2925.5,1,1.07
2926.0,1,1.01
2926.0,2,2.0
2926.0,1,1.0
2926.0,2,2.0
2926.0,2,2.0
2926.5,2,2.0
2926.5,1,1.04
2926.5,2,2.0
2926.5,1,1.19
2926.5,2,2.0
2927.0,1,1.365
2927.0,2,1.92
2927.0,1,1.0
2927.0,2,2.0
2927.0,2,1.93
2927.5,1,1.04
2927.5,2,2.0
2927.5,2,2.0
2927.5,2,2.0
2928.0,1,1.04
2928.0,2,2.0
2928.0,2,2.0
2928.0,2,2.0
2928.5,2,2.0
2928.5,1,1.4394999999999998
2928.5,2,2.0
2928.5,2,2.0
2929.0,2,2.0
2929.0,2,2.0
2929.0,2,1.4394999999999998
2929.0,2,1.99
2929.5,2,2.0
2929.5,2,1.76
2929.5,2,2.0
2929.5,2,2.0
2930.0,1,1.14
2930.0,2,1.95
2930.0,1,1.0
2930.0,2,2.0
2930.0,2,2.0
2930.5,1,1.0
2930.5,2,1.98
2930.5,2,2.0
2930.5,1,1.01
2930.5,2,2.0
2931.0,2,1.99
2931.0,2,2.0
2931.0,1,1.0
2931.0,2,2.0
2931.0,1,1.0
2931.5,1,1.0
2931.5,1,1.01
2931.5,2,2.0
2931.5,2,2.0
2931.5,2,1.95
2932.0,2,2.0
2932.0,1,1.0
2932.0,2,1.73
2932.0,2,1.99
2932.0,1,1.01
2932.5,1,1.0
2932.5,1,1.1
2932.5,1,1.15
2932.5,2,2.0
2932.5,2,1.77
2933.0,1,1.04
2933.0,2,1.82
2933.0,1,1.09
2933.0,2,2.0
2933.0,1,1.06
2933.5,2,1.88
2933.5,1,1.06
2933.5,1,1.02
2933.5,2,2.0
2933.5,1,1.1
2934.0,1,1.15
2934.0,1,1.0
2934.0,1,1.03
2934.0,2,1.99
2934.0,2,1.73
2934.5,2,1.7
2934.5,2,2.0
2934.5,1,1.0
2934.5,1,1.23
2934.5,2,1.81
2935.0,2,2.0
2935.0,2,1.96
2935.0,1,1.0
2935.0,1,1.15
2935.0,2,1.93
2935.5,2,1.94
2935.5,1,1.0
2935.5,2,2.0
2935.5,2,1.79
2935.5,1,1.0
2936.0,2,2.0
2936.0,1,1.0
2936.0,2,1.85
2936.0,2,2.0
2936.0,1,1.01
2936.5,1,1.02
2936.5,2,2.0
2936.5,1,1.02
2936.5,2,2.0
2936.5,2,1.98
2937.0,2,2.0
2937.0,2,1.96
2937.0,1,1.01
2937.0,2,2.0
2937.0,1,1.0
2937.5,2,2.0
2937.5,1,1.0
2937.5,1,1.02
2937.5,2,1.63
2937.5,2,1.99
2938.0,1,1.01
2938.0,2,2.0
2938.0,2,1.66
2938.0,2,1.58
2938.0,2,2.0
2938.5,2,2.0
2938.5,2,2.0
2938.5,2,1.79
2938.5,2,1.7
2938.5,1,1.06
2939.0,2,1.79
2939.0,1,1.01
2939.0,2,2.0
2939.0,2,1.92
2939.0,2,2.0
2939.5,2,2.0
2939.5,2,1.99
2939.5,2,1.7
2939.5,2,2.0
2939.5,1,1.0
2940.0,2,1.97
2940.0,2,1.9325
2940.0,1,1.01
2940.0,2,1.75
2940.0,2,1.99
2940.5,1,1.05
2940.5,2,1.85
2940.5,2,1.98
2940.5,2,1.77
2940.5,2,1.92
2941.0,1,1.02
2941.0,2,1.74
2941.0,2,1.84
2941.0,2,1.89
2941.0,2,1.71
2941.5,2,1.63
2941.5,2,1.64
2941.5,2,1.98
2941.5,1,1.0
2941.5,2,1.91
2942.0,1,1.25
2942.0,2,1.72
2942.0,2,2.0
2942.0,2,1.8
2942.0,1,1.05
2942.5,1,1.23
2942.5,2,1.63
2942.5,1,1.14
2942.5,2,1.68
2942.5,2,2.0
2943.0,1,1.26
2943.0,2,1.6
2943.0,2,1.63
2943.0,2,2.0
2943.0,1,1.1225
2943.5,2,2.0
2943.5,1,1.04
2943.5,2,1.67
2943.5,2,1.79
2944.0,2,1.93
2944.0,2,2.0
2944.0,2,2.0
2944.0,2,1.94
2944.0,2,2.0
2944.0,1,1.0
2944.5,2,2.0
2944.5,2,1.99
2944.5,2,1.98
2944.5,1,1.075
2944.5,2,1.99
2945.0,1,1.07
2945.0,2,1.91
2945.0,2,2.0
2945.0,2,2.0
2945.0,2,2.0
2945.5,1,1.01
2945.5,2,2.0
2945.5,2,1.78
2945.5,2,1.98
2945.5,2,1.9575
2946.0,1,1.0
2946.0,2,1.92
2946.0,2,2.0
2946.0,1,1.13
2946.0,2,1.99
2946.5,2,2.0
2946.5,2,1.92
2946.5,1,1.0
2946.5,2,2.0
2947.0,2,2.0
2947.0,2,1.82
2947.0,2,2.0
2947.0,1,1.0
2947.5,2,1.97
2947.5,2,2.0
2947.5,1,1.07
2947.5,2,2.0
2948.0,1,1.07
2948.0,2,1.99
2948.0,1,1.01
2948.0,2,2.0
2948.0,2,1.82
2948.5,1,1.04
2948.5,2,2.0
2948.5,2,2.0
2948.5,1,1.05
2948.5,1,1.31
2949.0,2,2.0
2949.0,2,2.0
2949.0,1,1.15
2949.0,1,1.12
2949.0,1,1.01
2949.5,1,1.03
2949.5,2,2.0
2949.5,1,1.01
2949.5,2,1.96
2949.5,1,1.03
2950.0,2,1.99
2950.0,1,1.01
2950.0,1,1.06
2950.0,2,2.0
2950.0,1,1.02
2950.5,1,1.03
2950.5,2,2.0
2950.5,2,2.0
2950.5,1,1.32
2950.5,1,1.0
2951.0,2,2.0
2951.0,1,1.03
2951.0,1,1.02
2951.0,1,1.0
2951.0,2,2.0
2951.5,1,1.0225
2951.5,2,2.0
2951.5,1,1.0
2951.5,1,1.0
2951.5,2,2.0
2952.0,1,1.0
2952.0,1,1.0
2952.0,2,2.0
2952.0,2,2.0
2952.0,1,1.13
2952.5,1,1.4308571428571428
2952.5,1,1.0
2952.5,2,2.0
2952.5,2,2.0
2952.5,1,1.01
2953.0,1,1.0
2953.0,2,2.0
2953.0,1,1.06
2953.0,2,2.0
2953.0,2,1.4308571428571428
2953.5,2,2.0
2953.5,1,1.1375
2953.5,1,1.0
2953.5,2,2.0
2953.5,2,2.0
2954.0,2,2.0
2954.0,2,2.0
2954.0,2,2.0
2954.0,1,1.18
2954.0,1,1.0
2954.5,2,1.81
2954.5,1,1.03
2954.5,2,1.9866666666666668
2954.5,1,1.0
2954.5,2,2.0
2955.0,1,1.0
2955.0,2,1.99
2955.0,2,1.85
2955.0,1,1.0691666666666666
2955.0,2,2.0
2955.5,2,1.99
2955.5,1,1.0
2955.5,1,1.0225
2955.5,1,1.1591666666666667
2955.5,2,2.0
2956.0,2,2.0
2956.0,2,2.0
2956.0,1,1.0
2956.0,1,1.0
2956.0,1,1.03
2956.5,1,1.0
2956.5,1,1.2
2956.5,2,2.0
2956.5,2,2.0
2956.5,1,1.0
2957.0,1,1.04
2957.0,2,2.0
2957.0,1,1.24
2957.0,1,1.0033333333333334
2957.0,2,1.97
2957.5,1,1.0091666666666665
2957.5,1,1.15
2957.5,2,1.81
2957.5,2,2.0
2957.5,1,1.01
2958.0,1,1.1
2958.0,1,1.0
2958.0,1,1.03
2958.0,2,2.0
2958.0,1,1.09
2958.5,1,1.03
2958.5,1,1.13
2958.5,1,1.0
2958.5,2,2.0
2958.5,1,1.04
2959.0,2,2.0
2959.0,1,1.0
2959.0,1,1.06
2959.0,1,1.02
2959.0,1,1.21
2959.5,1,1.14
2959.5,1,1.07
2959.5,1,1.0
2959.5,2,2.0
2959.5,1,1.08
2960.0,1,1.02
2960.0,2,2.0
2960.0,1,1.0
2960.0,1,1.14
2960.0,1,1.0
2960.5,1,1.02
2960.5,1,1.0976666666666666
2960.5,2,2.0
2960.5,1,1.05
2960.5,1,1.14
2961.0,2,2.0
2961.0,1,1.0
2961.0,1,1.2
2961.0,1,1.0
2961.0,1,1.04
2961.5,1,1.02
2961.5,2,2.0
2961.5,1,1.02
2961.5,1,1.18
2961.5,1,1.04
2962.0,1,1.0
2962.0,1,1.08
2962.0,2,2.0
2962.0,1,1.05
2962.0,1,1.03
2962.5,1,1.0625
2962.5,2,2.0
2962.5,1,1.18
2962.5,1,1.0650000000000002
2962.5,1,1.0
2963.0,2,2.0
2963.0,1,1.05
2963.0,1,1.0
2963.0,1,1.156
2963.0,1,1.02
2963.5,1,1.0
2963.5,1,1.02
2963.5,1,1.09
2963.5,2,1.99
2963.5,1,1.05
2964.0,1,1.09
2964.0,2,1.98
2964.0,1,1.01
2964.0,1,1.0
2964.0,1,1.02
2964.5,1,1.0
2964.5,1,1.01
2964.5,2,1.76
2964.5,1,1.04
2964.5,1,1.0
2965.0,1,1.0
2965.0,2,1.95
2965.0,1,1.0
2965.0,1,1.01
2965.0,1,1.05
2965.5,1,1.15
2965.5,1,1.02
2965.5,1,1.01
2965.5,1,1.11
2965.5,2,1.92
2966.0,1,1.03
2966.0,1,1.03
2966.0,2,1.93
2966.0,1,1.04
2966.0,1,1.09
2966.5,1,1.0
2966.5,1,1.03
2966.5,2,1.92
2966.5,1,1.02
2966.5,1,1.05
2967.0,1,1.12
2967.0,1,1.0
2967.0,2,1.99
2967.0,1,1.02
2967.0,1,1.0333333333333332
2967.5,1,1.13
2967.5,1,1.0
2967.5,2,2.0
2967.5,1,1.0
2967.5,1,1.04
2968.0,1,1.01
2968.0,2,1.76
2968.0,2,2.0
2968.0,1,1.02
2968.0,1,1.06
2968.5,1,1.0
2968.5,2,2.0
2968.5,2,1.54
2968.5,2,1.97
2968.5,1,1.09
2969.0,1,1.02
2969.0,2,2.0
2969.0,2,2.0
2969.0,2,2.0
2969.0,1,1.01
2969.5,1,1.0
2969.5,2,2.0
2969.5,2,2.0
2969.5,2,2.0
2969.5,1,1.03
2970.0,2,2.0
2970.0,2,2.0
2970.0,1,1.01
2970.0,1,1.0
2970.0,2,2.0
2970.5,1,1.0
2970.5,2,2.0
2970.5,2,2.0
2970.5,2,1.98
2970.5,1,1.02
2971.0,2,2.0
2971.0,1,1.0
2971.0,1,1.01
2971.0,2,2.0
2971.0,2,1.92
2971.5,2,1.92
2971.5,1,1.035
2971.5,2,2.0
2971.5,2,2.0
2971.5,1,1.0
2972.0,1,1.04
2972.0,2,2.0
2972.0,2,2.0
2972.0,1,1.02
2972.0,2,1.99
2972.5,1,1.04
2972.5,1,1.0
2972.5,2,2.0
2972.5,2,2.0
2972.5,2,2.0
2973.0,2,2.0
2973.0,1,1.0
2973.0,2,1.99
2973.0,1,1.09
2973.0,2,2.0
2973.5,1,1.0
2973.5,2,2.0
2973.5,2,2.0
2973.5,2,1.93
2974.0,1,1.02
2974.0,2,2.0
2974.0,2,2.0
2974.0,1,1.37
2974.5,1,1.0
2974.5,2,2.0
2974.5,1,1.11
2974.5,1,1.12
2974.5,1,1.32
2975.0,2,2.0
2975.0,1,1.0
2975.0,1,1.03
2975.0,1,1.06
2975.0,1,1.08
2975.5,1,1.0
2975.5,1,1.04
2975.5,2,2.0
2975.5,1,1.0
2975.5,1,1.12
2976.0,2,2.0
2976.0,1,1.01
2976.0,1,1.0
2976.0,1,1.04
2976.0,1,1.04
2976.5,2,2.0
2976.5,1,1.0
2976.5,1,1.01
2976.5,1,1.005
2976.5,1,1.01
2977.0,1,1.0
2977.0,2,2.0
2977.0,1,1.04
2977.0,1,1.01
2977.0,2,1.8128571428571427
2977.5,1,1.13
2977.5,1,1.03
2977.5,2,2.0
2977.5,2,2.0
2977.5,1,1.0
2978.0,1,1.05
2978.0,2,2.0
2978.0,1,1.22
2978.0,2,2.0
2978.0,1,1.0
2978.5,1,1.35
2978.5,2,2.0
2978.5,2,2.0
2978.5,1,1.0
2978.5,1,1.27
2979.0,2,2.0
2979.0,1,1.01
2979.0,1,1.07
2979.0,1,1.2
2979.0,2,2.0
2979.5,1,1.2
2979.5,1,1.0
2979.5,1,1.28
2979.5,2,2.0
2979.5,2,2.0
2980.0,2,2.0
2980.0,1,1.26
2980.0,1,1.12
2980.0,2,2.0
2980.0,1,1.0
2980.5,1,1.0
2980.5,2,2.0
2980.5,1,1.04
2980.5,1,1.21
2980.5,2,2.0
2981.0,1,1.0
2981.0,2,2.0
2981.0,1,1.0
2981.0,1,1.17
2981.0,2,2.0
2981.5,1,1.06
2981.5,2,2.0
2981.5,1,1.14
2981.5,2,2.0
2981.5,2,1.68
2982.0,1,1.01
2982.0,2,1.99
2982.0,2,2.0
2982.0,2,1.69
2982.0,1,1.01
2982.5,2,2.0
2982.5,1,1.04
2982.5,2,1.92
2982.5,2,1.8
2982.5,1,1.0
2983.0,2,1.93
2983.0,2,2.0
2983.0,2,1.69
2983.0,1,1.03
2983.0,1,1.09
2983.5,1,1.07
2983.5,2,2.0
2983.5,2,2.0
2983.5,2,1.99
2983.5,1,1.07
2984.0,2,2.0
2984.0,2,2.0
2984.0,1,1.1
2984.0,2,1.99
2984.0,1,1.21
2984.5,1,1.04
2984.5,2,2.0
2984.5,2,2.0
2984.5,1,1.04
2984.5,2,2.0
2985.0,2,2.0
2985.0,1,1.0
2985.0,2,2.0
2985.0,1,1.06
2985.0,2,2.0
2985.5,1,1.1
2985.5,2,2.0
2985.5,2,1.87
2985.5,2,2.0
2985.5,2,2.0
2986.0,2,2.0
2986.0,2,1.9416666666666667
2986.0,1,1.38
2986.0,2,2.0
2986.0,2,2.0
2986.5,2,2.0
2986.5,2,1.99
2986.5,2,2.0
2986.5,2,2.0
2986.5,2,2.0
2987.0,2,1.9816666666666665
2987.0,2,2.0
2987.0,2,2.0
2987.0,2,2.0
2987.0,2,2.0
2987.5,2,2.0
2987.5,2,2.0
2987.5,2,2.0
2987.5,2,2.0
2987.5,2,2.0
2988.0,2,2.0
2988.0,2,2.0
2988.0,2,2.0
2988.0,2,2.0
2988.0,2,1.99
2988.5,2,2.0
2988.5,2,2.0
2988.5,2,2.0
2988.5,2,2.0
2988.5,2,2.0
2989.0,2,1.9925
2989.0,2,2.0
2989.0,2,2.0
2989.0,2,2.0
2989.0,2,2.0
2989.5,2,2.0
2989.5,2,2.0
2989.5,2,2.0
2989.5,2,1.99
2989.5,2,2.0
2990.0,2,2.0
2990.0,2,1.9536666666666667
2990.0,2,2.0
2990.0,2,2.0
2990.0,2,2.0
2990.5,2,2.0
2990.5,2,2.0
2990.5,2,2.0
2990.5,2,2.0
2990.5,2,1.98
2991.0,2,1.99
2991.0,2,2.0
2991.0,2,2.0
2991.0,2,2.0
2991.0,2,2.0
2991.5,2,2.0
2991.5,2,2.0
2991.5,2,2.0
2991.5,2,2.0
2991.5,1,1.05
2992.0,2,2.0
2992.0,2,2.0
2992.0,2,1.99
2992.0,1,1.01
2992.0,2,2.0
2992.5,2,2.0
2992.5,2,2.0
2992.5,2,2.0
2992.5,2,2.0
2992.5,1,1.035
2993.0,2,2.0
2993.0,2,1.88
2993.0,2,2.0
2993.0,2,2.0
2993.0,1,1.06
2993.5,2,2.0
2993.5,2,2.0
2993.5,1,1.04
2993.5,2,1.9
2993.5,2,2.0
2994.0,2,2.0
2994.0,2,1.95
2994.0,1,1.09
2994.0,2,2.0
2994.0,2,1.88
2994.5,2,1.89
2994.5,2,1.92
2994.5,2,2.0
2994.5,2,2.0
2994.5,1,1.06
2995.0,2,1.81
2995.0,2,1.86
2995.0,2,1.94
2995.0,1,1.13
2995.0,2,2.0
2995.5,2,1.94
2995.5,2,2.0
2995.5,2,1.89
2995.5,2,2.0
2995.5,2,1.78
2996.0,2,2.0
2996.0,2,2.0
2996.0,2,1.96
2996.0,2,2.0
2996.0,2,1.8
2996.5,2,2.0
2996.5,2,1.99
2996.5,2,2.0
2996.5,2,2.0
2996.5,2,1.95
2997.0,2,1.98
2997.0,2,2.0
2997.0,2,1.99
2997.0,2,1.99
2997.0,2,2.0
2997.5,2,2.0
2997.5,2,2.0
2997.5,2,1.94
2997.5,2,1.99
2997.5,2,2.0
2998.0,2,1.72
2998.0,2,1.95
2998.0,2,2.0
2998.0,2,2.0
2998.0,2,2.0
2998.5,2,2.0
2998.5,2,2.0
2998.5,2,2.0
2998.5,2,1.63
2998.5,2,1.98
2999.0,2,2.0
2999.0,2,2.0
2999.0,2,2.0
2999.0,2,2.0
2999.0,2,1.84
2999.5,2,2.0
2999.5,2,1.89
2999.5,2,2.0
2999.5,2,1.94
2999.5,2,2.0
3000.0,2,1.91
3000.0,2,1.72
3000.0,2,2.0
3000.0,2,2.0
3000.0,2,1.96
3000.5,2,2.0
3000.5,2,1.86
3000.5,2,1.98
3000.5,2,1.99
3000.5,2,2.0
3001.0,2,1.8
3001.0,2,1.96
3001.0,2,1.72
3001.0,2,2.0
3001.0,2,2.0
3001.5,2,2.0
3001.5,1,1.17
3001.5,2,2.0
3001.5,2,1.6
3001.5,2,1.97
3002.0,1,1.08
3002.0,2,2.0
3002.0,2,1.99
3002.0,2,1.68
3002.0,2,1.82
3002.5,2,2.0
3002.5,2,1.71
3002.5,2,1.92
3002.5,2,1.87
3002.5,1,1.09
3003.0,1,1.29
3003.0,2,2.0
3003.0,2,1.79
3003.0,2,1.99
3003.0,1,1.03
3003.5,1,1.15
3003.5,2,2.0
3003.5,1,1.04
3003.5,2,1.81
3003.5,2,1.97
3004.0,1,1.0
3004.0,1,1.0
3004.0,2,2.0
3004.0,2,1.99
3004.0,2,1.98
3004.5,1,1.0
3004.5,2,2.0
3004.5,1,1.01
3004.5,2,2.0
3004.5,2,1.98
3005.0,1,1.0
3005.0,1,1.07
3005.0,2,1.99
3005.0,2,2.0
3005.0,2,1.98
3005.5,2,2.0
3005.5,2,1.98
3005.5,1,1.13
3005.5,1,1.0
3005.5,2,2.0
3006.0,1,1.02
3006.0,2,2.0
3006.0,1,1.0133333333333334
3006.0,2,1.97
3006.0,2,2.0
3006.5,1,1.01
3006.5,1,1.11
3006.5,2,2.0
3006.5,2,2.0
3006.5,2,1.98
3007.0,2,1.86
3007.0,2,2.0
3007.0,1,1.0
3007.0,2,1.92
3007.0,2,1.96
3007.5,2,1.95
3007.5,2,2.0
3007.5,2,2.0
3007.5,2,1.92
3007.5,1,1.03
3008.0,2,1.95
3008.0,2,1.98
3008.0,2,2.0
3008.0,1,1.0
3008.0,2,2.0
3008.5,1,1.0
3008.5,2,2.0
3008.5,2,2.0
3008.5,2,2.0
3009.0,2,2.0
3009.0,1,1.05
3009.0,2,1.98
3009.0,2,2.0
3009.5,2,2.0
3009.5,1,1.05
3009.5,2,2.0
3009.5,2,1.96
3009.5,2,2.0
3010.0,1,1.09
3010.0,2,1.9
3010.0,2,1.96
3010.0,2,1.99
3010.0,2,1.99
3010.5,1,1.04
3010.5,2,2.0
3010.5,2,2.0
3010.5,2,2.0
3010.5,2,1.73
3011.0,1,1.02
3011.0,2,2.0
3011.0,2,2.0
3011.0,2,1.68
3011.0,2,1.73
3011.5,2,1.76
3011.5,1,1.0
3011.5,2,2.0
3011.5,2,1.66
3011.5,2,2.0
3012.0,2,1.84
3012.0,2,2.0
3012.0,1,1.0
3012.0,2,1.7
3012.0,2,2.0
3012.5,2,1.62
3012.5,2,2.0
3012.5,1,1.0
3012.5,2,1.89
3012.5,2,2.0
3013.0,2,1.73
3013.0,2,2.0
3013.0,2,1.81
3013.0,1,1.01
3013.0,2,2.0
3013.5,2,2.0
3013.5,1,1.04
3013.5,1,1.04
3013.5,2,1.83
3013.5,2,2.0
3014.0,2,1.99
3014.0,1,1.045
3014.0,2,1.99
3014.0,1,1.06
3014.0,2,1.77
3014.5,2,1.81
3014.5,1,1.03
3014.5,2,1.76
3014.5,1,1.01
3015.0,1,1.03
3015.0,1,1.09
3015.0,2,1.89
3015.0,2,1.66
3015.5,2,1.95
3015.5,1,1.07
3015.5,2,1.64
3015.5,1,1.06
3016.0,2,1.99
3016.0,1,1.04
3016.0,2,1.9
3016.0,1,1.03
3016.5,2,1.93
3016.5,1,1.08
3016.5,2,1.73
3016.5,1,1.01
3017.0,2,1.99
3017.0,1,1.07
3017.0,1,1.06
3017.0,2,1.93
3017.5,1,1.01
3017.5,2,1.96
3017.5,1,1.06
3017.5,2,1.76
3018.0,2,2.0
3018.0,2,2.0
3018.0,1,1.0
3018.0,2,1.57
3018.0,1,1.01
3018.5,1,1.01
3018.5,2,1.98
3018.5,2,1.58
3018.5,2,1.98
3018.5,1,1.0
3019.0,2,1.77
3019.0,1,1.01
3019.0,2,2.0
3019.0,2,2.0
3019.0,1,1.065
3019.5,2,2.0
3019.5,1,1.05
3019.5,2,2.0
3019.5,2,1.94
3019.5,1,1.01
3020.0,2,2.0
3020.0,1,1.0
3020.0,1,1.05
3020.0,2,2.0
3020.0,2,2.0
3020.5,2,2.0
3020.5,1,1.05
3020.5,1,1.0
3020.5,2,2.0
3020.5,2,1.97
3021.0,1,1.0
3021.0,1,1.11
3021.0,2,1.83
3021.0,2,2.0
3021.0,2,2.0
3021.5,2,2.0
3021.5,2,2.0
3021.5,2,1.75
3021.5,1,1.1
3021.5,1,1.0
3022.0,1,1.04
3022.0,2,2.0
3022.0,1,1.14
3022.0,1,1.0
3022.0,2,2.0
3022.5,2,2.0
3022.5,1,1.13
3022.5,1,1.06
3022.5,2,2.0
3022.5,1,1.0183333333333335
3023.0,1,1.05
3023.0,1,1.01
3023.0,2,2.0
3023.0,1,1.39
3023.0,2,2.0
3023.5,2,2.0
3023.5,1,1.01
3023.5,2,2.0
3023.5,1,1.03
3023.5,2,2.0
3024.0,2,2.0
3024.0,1,1.02
3024.0,1,1.0
3024.0,2,2.0
3024.5,1,1.0283333333333333
3024.5,1,1.03
3024.5,2,2.0
3024.5,2,2.0
3025.0,1,1.04
3025.0,1,1.09
3025.0,2,2.0
3025.0,2,2.0
3025.5,1,1.18
3025.5,2,2.0
3025.5,1,1.09
3025.5,2,2.0
3026.0,1,1.08
3026.0,2,2.0
3026.0,1,1.05
3026.0,2,2.0
3026.5,1,1.03
3026.5,1,1.02
3026.5,2,2.0
3026.5,2,2.0
3027.0,2,2.0
3027.0,1,1.03
3027.0,1,1.0133333333333332
3027.0,2,2.0
3027.5,2,2.0
3027.5,1,1.01
3027.5,1,1.0133333333333332
3027.5,2,2.0
3028.0,1,1.12
3028.0,2,2.0
3028.0,1,1.15
3028.0,2,1.98
3028.5,2,2.0
3028.5,1,1.04
3028.5,1,1.28
3029.0,2,2.0
3029.0,1,1.07
3029.0,1,1.37
3029.5,1,1.03
3029.5,2,2.0
3029.5,2,2.0
3030.0,2,1.99
3030.0,1,1.05
3030.0,2,2.0
3030.5,2,2.0
3030.5,2,2.0
3030.5,1,1.13
3031.0,2,2.0
3031.0,1,1.08
3031.0,2,1.99
3031.5,2,2.0
3031.5,2,1.96
3031.5,1,1.08
3032.0,1,1.22
3032.0,2,2.0
3032.0,2,2.0
3032.5,2,2.0
3032.5,2,2.0
3032.5,2,2.0
3033.0,2,2.0
3033.0,2,2.0
3033.0,2,2.0
3033.5,2,2.0
3033.5,2,2.0
3033.5,2,2.0
3034.0,2,2.0
3034.0,2,2.0
3034.0,2,2.0
3034.5,2,2.0
3034.5,2,2.0
3034.5,2,2.0
3035.0,2,1.99
3035.0,2,1.91
3035.0,2,2.0
3035.5,2,2.0
3035.5,2,1.85
3035.5,2,2.0
3036.0,2,2.0
3036.0,2,1.91
3036.0,2,2.0
3036.5,1,1.38
3036.5,2,2.0
3036.5,2,2.0
3037.0,2,2.0
3037.0,2,2.0
3037.0,1,1.14
3037.5,1,1.17
3037.5,2,2.0
3037.5,2,2.0
3038.0,2,2.0
3038.0,1,1.16
3038.0,2,2.0
3038.5,1,1.3
3038.5,2,2.0
3038.5,2,2.0
3039.0,1,1.09
3039.0,2,2.0
3039.0,2,1.8
3039.5,2,1.99
3039.5,1,1.23
3039.5,2,1.94
3040.0,1,1.13
3040.0,2,1.91
3040.0,2,2.0
3040.5,2,1.92
3040.5,2,2.0
3040.5,1,1.07
3041.0,2,2.0
3041.0,1,1.17
3041.0,2,1.99
3041.5,2,2.0
3041.5,1,1.03
3041.5,2,2.0
3042.0,2,2.0
3042.0,1,1.04
3042.0,2,1.98
3042.5,1,1.11
3042.5,2,2.0
3042.5,2,2.0
3043.0,2,1.98
3043.0,2,2.0
3043.5,2,2.0
3043.5,2,2.0
3044.0,2,1.97
3044.0,1,1.25
3044.0,2,2.0
3044.5,2,1.88
3044.5,2,2.0
3044.5,2,2.0
3045.0,2,2.0
3045.0,2,1.99
3045.0,2,2.0
3045.5,2,2.0
3045.5,2,2.0
3045.5,2,2.0
3046.0,2,2.0
3046.0,2,2.0
3046.0,2,1.99
3046.5,2,2.0
3046.5,2,2.0
3046.5,2,2.0
3047.0,2,2.0
3047.0,2,1.99
3047.0,2,2.0
3047.5,2,2.0
3047.5,2,1.99
3047.5,2,2.0
3048.0,2,2.0
3048.0,2,2.0
3048.0,2,2.0
3048.5,2,2.0
3048.5,2,1.99
3048.5,2,1.71
3049.0,2,2.0
3049.0,2,1.99
3049.0,2,2.0
3049.5,2,1.88
3049.5,2,2.0
3049.5,2,2.0
3050.0,2,1.96
3050.0,2,2.0
3050.0,2,2.0
3050.5,2,2.0
3050.5,2,1.82
3050.5,2,1.97
3051.0,2,1.69
3051.0,2,1.81
3051.0,2,2.0
3051.5,2,1.97
3051.5,2,1.84
3052.0,2,1.81
3052.0,2,1.97
3052.5,2,1.96
3052.5,2,1.95
3053.0,2,2.0
3053.0,2,1.96
3053.5,2,2.0
3053.5,2,1.85
3054.0,2,1.95
3054.0,2,1.99
3054.0,1,1.38
3054.5,2,2.0
3054.5,2,1.99
3054.5,2,1.95
3055.0,2,2.0
3055.0,2,1.99
3055.0,2,1.87
3055.5,2,1.81
3055.5,2,2.0
3055.5,2,1.91
3056.0,2,1.99
3056.0,2,2.0
3056.0,2,1.85
3056.5,2,1.99
3056.5,2,2.0
3056.5,2,1.55
3057.0,2,2.0
3057.0,2,1.64
3057.0,2,1.76
3057.5,2,1.64
3057.5,2,2.0
3058.0,2,1.75
3058.0,2,2.0
3058.5,2,2.0
3058.5,2,1.95
3059.0,2,1.97
3059.0,2,2.0
3059.5,2,1.94
3059.5,2,2.0
3060.0,2,1.68
3060.0,2,1.99
3060.5,2,1.7
3060.5,2,1.98
3061.0,2,1.68
3061.5,2,1.96
3061.5,2,1.96
3062.0,2,1.93
3062.0,2,1.93
3062.5,2,1.93
3062.5,2,1.93
3063.0,2,2.0
3063.0,2,2.0
3063.5,2,1.99
3063.5,2,1.99
3064.0,2,2.0
3064.0,2,2.0
3064.5,2,1.98
3064.5,2,1.98
3065.0,2,2.0
3065.0,2,2.0
3065.5,2,2.0
3065.5,2,2.0
3066.0,2,2.0
3066.0,2,2.0
3066.5,2,2.0
3066.5,2,2.0
3067.0,2,2.0
3067.0,2,2.0
3067.5,2,2.0
3067.5,2,2.0
3068.0,2,2.0
3068.0,2,2.0
3068.5,2,2.0
3068.5,2,2.0
3069.0,2,2.0
3069.0,2,2.0
3069.5,2,2.0
3069.5,2,2.0
3070.0,2,2.0
3070.0,2,2.0
3070.5,2,1.96
3070.5,2,1.96
3071.0,2,2.0
3071.0,2,2.0
3071.5,2,1.99
3071.5,2,1.99
3072.0,2,2.0
3072.0,2,2.0
3072.5,2,1.98
3072.5,2,1.98
3073.0,2,2.0
3073.0,2,2.0
3073.5,2,2.0
3073.5,2,2.0
3074.0,2,2.0
3074.0,2,2.0
3074.5,2,1.98
3074.5,2,1.98
3075.0,2,1.94
3075.0,2,1.94
3075.5,2,1.99
3075.5,2,1.99
3076.0,2,2.0
3076.0,2,2.0
3076.5,2,2.0
3076.5,2,2.0
3077.0,2,1.97
3077.0,2,1.97
3077.5,2,1.96
3077.5,2,1.96
3078.0,2,2.0
3078.0,2,2.0
3078.5,2,2.0
3078.5,2,2.0
3079.0,2,2.0
3079.0,2,2.0
3079.5,2,2.0
3079.5,2,2.0
3080.0,2,2.0
3080.0,2,2.0
3080.5,2,2.0
3081.0,2,2.0
3081.5,2,2.0
3082.0,2,2.0
3082.5,2,1.97
3083.0,2,2.0
3083.5,2,2.0
3084.0,2,2.0
3084.5,2,1.96
3085.0,2,1.682
3085.5,2,1.63
3086.0,2,1.87
3086.5,1,1.04
3087.0,1,1.07
3087.5,1,1.03
3088.0,1,1.0
3088.5,1,1.02
3089.0,1,1.04
3089.5,1,1.03
3090.0,1,1.01
3090.5,1,1.21
3091.0,1,1.05
3091.5,1,1.12
3092.0,1,1.02
3092.5,1,1.06
3093.0,1,1.04
3093.5,1,1.02
3094.0,1,1.1
3094.5,1,1.0
3095.0,1,1.06
3095.5,1,1.07
3096.0,1,1.05
3096.5,1,1.17
3097.0,1,1.08
3097.5,1,1.13
3098.0,1,1.11
3098.5,1,1.01
3099.0,1,1.04
3099.5,1,1.0333333333333334
3100.0,1,1.01
3100.5,1,1.08
3101.0,2,1.85
3101.5,2,1.8683333333333332
3102.0,2,1.883333333333333
3102.5,2,2.0
3103.0,2,2.0
3103.5,2,2.0
3104.0,2,2.0
3104.0,2,2.0
3104.5,2,2.0
3104.5,2,2.0
3105.0,2,2.0
3105.5,2,2.0
3106.0,2,2.0
3106.5,2,2.0
3107.0,2,2.0
3107.5,2,2.0
3108.0,2,2.0
3108.5,2,2.0
3109.0,2,2.0
3109.5,2,2.0
3110.0,2,2.0
3110.5,2,2.0
3111.0,2,2.0
3111.5,2,2.0
3112.0,2,2.0
3112.5,2,2.0
3113.0,2,2.0
3113.5,2,2.0
3114.0,2,2.0
3114.5,2,2.0
3115.0,2,2.0
3115.5,2,1.99
3116.0,2,2.0
3116.5,2,1.97
3117.0,2,2.0
3117.5,2,2.0
3118.0,2,2.0
3118.5,2,2.0
3119.0,2,2.0
3119.5,2,1.97
3120.0,2,2.0
3120.5,2,2.0
3121.0,2,2.0
3121.5,2,2.0
3122.0,2,2.0
3122.5,2,2.0
